35.0000,34.0000,33.0000,32.0000,31.0000,30.0000,29.0000,28.0000,27.0000,26.0000,25.0000,24.0000,23.0000,22.0000,21.0000,20.0000,19.0000,18.0000,17.0000,16.0000,15.0000,14.0000,13.0000,12.0000,11.0000,10.0000,9.0000,8.0000,7.0000,6.0000,5.0000,4.0000,3.0000,2.0000,1.0000,0.0000,1.0000,1.4142,2.2361,3.1623,4.1231,5.0990,6.0828,7.0711,8.0623,9.0554,10.0499,11.0454,12.0416,13.0384,14.0357,15.0333,16.0312,17.0294,18.0278,19.0263,20.0250,21.0238,22.0227,23.0217,24.0208,25.0200,26.0192,27.0185,28.0179,29.0172,30.0167,31.0161,32.0156,33.0151,34.0147,35.0143,36.0139,37.0135,38.0132,39.0128,40.0125,41.0122,42.0119,43.0116,44.0114,45.0111,46.0109,47.0106,48.0104,49.0102,50.0100,51.0098,52.0096,53.0094
35.0000,34.0000,33.0000,32.0000,31.0000,30.0000,29.0000,28.0000,27.0000,26.0000,25.0000,24.0000,23.0000,22.0000,21.0000,20.0000,19.0000,18.0000,17.0000,16.0000,15.0000,14.0000,13.0000,12.0000,11.0000,10.0000,9.0000,8.0000,7.0000,6.0000,5.0000,4.0000,3.0000,2.0000,1.0000,0.0000,0.0000,1.0000,2.0000,3.0000,4.0000,5.0000,6.0000,7.0000,8.0000,9.0000,10.0000,11.0000,12.0000,13.0000,14.0000,15.0000,16.0000,17.0000,18.0000,19.0000,20.0000,21.0000,22.0000,23.0000,24.0000,25.0000,26.0000,27.0000,28.0000,29.0000,30.0000,31.0000,32.0000,33.0000,34.0000,35.0000,36.0000,37.0000,38.0000,39.0000,40.0000,41.0000,42.0000,43.0000,44.0000,45.0000,46.0000,47.0000,48.0000,49.0000,50.0000,51.0000,52.0000,53.0000
35.0000,34.0000,33.0000,32.0000,31.0000,30.0000,29.0000,28.0000,27.0000,26.0000,25.0000,24.0000,23.0000,22.0000,21.0000,20.0000,19.0000,18.0000,17.0000,16.0000,15.0000,14.0000,13.0000,12.0000,11.0000,10.0000,9.0000,8.0000,7.0000,6.0000,5.0000,4.0000,3.0000,2.0000,1.0000,0.0000,0.0000,1.0000,2.0000,3.0000,4.0000,5.0000,6.0000,7.0000,8.0000,9.0000,10.0000,11.0000,12.0000,13.0000,14.0000,15.0000,16.0000,17.0000,18.0000,19.0000,20.0000,21.0000,22.0000,23.0000,24.0000,25.0000,26.0000,27.0000,28.0000,29.0000,30.0000,31.0000,32.0000,33.0000,34.0000,35.0000,36.0000,37.0000,38.0000,39.0000,40.0000,41.0000,42.0000,43.0000,44.0000,45.0000,46.0000,47.0000,48.0000,49.0000,50.0000,51.0000,52.0000,53.0000
35.0000,34.0000,33.0000,32.0000,31.0000,30.0000,29.0000,28.0000,27.0000,26.0000,25.0000,24.0000,23.0000,22.0000,21.0000,20.0000,19.0000,18.0000,17.0000,16.0000,15.0000,14.0000,13.0000,12.0000,11.0000,10.0000,9.0000,8.0000,7.0000,6.0000,5.0000,4.0000,3.0000,2.0000,1.0000,0.0000,1.0000,1.4142,2.2361,3.1623,4.1231,5.0990,6.0828,7.0711,8.0623,9.0554,10.0499,11.0454,12.0416,13.0384,14.0357,15.0333,16.0312,17.0294,18.0278,19.0263,20.0250,21.0238,22.0227,23.0217,24.0208,25.0200,26.0192,27.0185,28.0179,29.0172,30.0167,31.0161,32.0156,33.0151,34.0147,35.0143,36.0139,37.0135,38.0132,39.0128,40.0125,41.0122,42.0119,43.0116,44.0114,45.0111,46.0109,47.0106,48.0104,49.0102,50.0100,51.0098,52.0096,53.0094
35.0000,34.0000,33.0000,32.0000,31.0000,30.0000,29.0000,28.0000,27.0000,26.0000,25.0000,24.0000,23.0000,22.0000,21.0000,20.0000,19.0000,18.0000,17.0000,16.0000,15.0000,14.0000,13.0000,12.0000,11.0000,10.0000,9.0000,8.0000,7.0000,6.0000,5.0000,4.0000,3.0000,2.0000,1.0000,0.0000,1.0000,2.0000,2.8284,3.6056,4.4721,5.3852,6.3246,7.2801,8.2462,9.2195,10.1980,11.1803,12.1655,13.1529,14.1421,15.1327,16.1245,17.1172,18.1108,19.1050,20.0998,21.0950,22.0907,23.0868,24.0832,25.0799,26.0768,27.0740,28.0713,29.0689,30.0666,31.0644,32.0624,33.0606,34.0588,35.0571,36.0555,37.0540,38.0526,39.0512,40.0500,41.0488,42.0476,43.0465,44.0454,45.0444,46.0435,47.0425,48.0416,49.0408,50.0400,51.0392,52.0384,53.0377
35.0000,34.0000,33.0000,32.0000,31.0000,30.0000,29.0000,28.0000,27.0000,26.0000,25.0000,24.0000,23.0000,22.0000,21.0000,20.0000,19.0000,18.0000,17.0000,16.0000,15.0000,14.0000,13.0000,12.0000,11.0000,10.0000,9.0000,8.0000,7.0000,6.0000,5.0000,4.0000,3.0000,2.0000,1.0000,0.0000,1.0000,1.4142,2.2361,3.1623,4.1231,5.0990,6.0828,7.0711,8.0623,9.0554,10.0499,11.0454,12.0416,13.0384,14.0357,15.0333,16.0312,17.0294,18.0278,19.0263,20.0250,21.0238,22.0227,23.0217,24.0208,25.0200,26.0192,27.0185,28.0179,29.0172,30.0167,31.0161,32.0156,33.0151,34.0147,35.0143,36.0139,37.0135,38.0132,39.0128,40.0125,41.0122,42.0119,43.0116,44.0114,45.0111,46.0109,47.0106,48.0104,49.0102,50.0100,51.0098,52.0096,53.0094
35.0143,34.0147,33.0151,32.0156,31.0161,30.0167,29.0172,28.0179,27.0185,26.0192,25.0200,24.0208,23.0217,22.0227,21.0238,20.0250,19.0263,18.0278,17.0294,16.0312,15.0333,14.0357,13.0384,12.0416,11.0454,10.0499,9.0554,8.0623,7.0711,6.0828,5.0990,4.1231,3.1623,2.2361,1.4142,1.0000,0.0000,1.0000,2.0000,3.0000,4.0000,5.0000,6.0000,7.0000,8.0000,9.0000,10.0000,11.0000,12.0000,13.0000,14.0000,15.0000,16.0000,17.0000,18.0000,19.0000,20.0000,21.0000,22.0000,23.0000,24.0000,25.0000,26.0000,27.0000,28.0000,29.0000,30.0000,31.0000,32.0000,33.0000,34.0000,35.0000,36.0000,37.0000,38.0000,39.0000,40.0000,41.0000,42.0000,43.0000,44.0000,45.0000,46.0000,47.0000,48.0000,49.0000,50.0000,51.0000,52.0000,53.0000
35.0000,34.0000,33.0000,32.0000,31.0000,30.0000,29.0000,28.0000,27.0000,26.0000,25.0000,24.0000,23.0000,22.0000,21.0000,20.0000,19.0000,18.0000,17.0000,16.0000,15.0000,14.0000,13.0000,12.0000,11.0000,10.0000,9.0000,8.0000,7.0000,6.0000,5.0000,4.0000,3.0000,2.0000,1.0000,0.0000,1.0000,1.4142,2.2361,3.1623,4.1231,5.0990,6.0828,7.0711,8.0623,9.0554,10.0499,11.0454,12.0416,13.0384,14.0357,15.0333,16.0312,17.0294,18.0278,19.0263,20.0250,21.0238,22.0227,23.0217,24.0208,25.0200,26.0192,27.0185,28.0179,29.0172,30.0167,31.0161,32.0156,33.0151,34.0147,35.0143,36.0139,37.0135,38.0132,39.0128,40.0125,41.0122,42.0119,43.0116,44.0114,45.0111,46.0109,47.0106,48.0104,49.0102,50.0100,51.0098,52.0096,53.0094
35.0000,34.0000,33.0000,32.0000,31.0000,30.0000,29.0000,28.0000,27.0000,26.0000,25.0000,24.0000,23.0000,22.0000,21.0000,20.0000,19.0000,18.0000,17.0000,16.0000,15.0000,14.0000,13.0000,12.0000,11.0000,10.0000,9.0000,8.0000,7.0000,6.0000,5.0000,4.0000,3.0000,2.0000,1.0000,0.0000,1.0000,2.0000,2.8284,3.6056,4.4721,5.3852,6.3246,7.2801,8.2462,9.2195,10.1980,11.1803,12.1655,13.1529,14.1421,15.1327,16.1245,17.1172,18.1108,19.1050,20.0998,21.0950,22.0907,23.0868,24.0832,25.0799,26.0768,27.0740,28.0713,29.0689,30.0666,31.0644,32.0624,33.0606,34.0588,35.0571,36.0555,37.0540,38.0526,39.0512,40.0500,41.0488,42.0476,43.0465,44.0454,45.0444,46.0435,47.0425,48.0416,49.0408,50.0400,51.0392,52.0384,53.0377
35.0000,34.0000,33.0000,32.0000,31.0000,30.0000,29.0000,28.0000,27.0000,26.0000,25.0000,24.0000,23.0000,22.0000,21.0000,20.0000,19.0000,18.0000,17.0000,16.0000,15.0000,14.0000,13.0000,12.0000,11.0000,10.0000,9.0000,8.0000,7.0000,6.0000,5.0000,4.0000,3.0000,2.0000,1.0000,0.0000,1.0000,2.0000,3.0000,4.0000,5.0000,5.8310,6.7082,7.6158,8.5440,9.4868,10.4403,11.4018,12.3693,13.3417,14.3178,15.2971,16.2788,17.2627,18.2483,19.2354,20.2237,21.2132,22.2036,23.1948,24.1868,25.1794,26.1725,27.1662,28.1603,29.1548,30.1496,31.1448,32.1403,33.1361,34.1321,35.1283,36.1248,37.1214,38.1182,39.1152,40.1123,41.1096,42.1070,43.1045,44.1022,45.0999,46.0977,47.0956,48.0937,49.0918,50.0899,51.0882,52.0865,53.0848
35.0000,34.0000,33.0000,32.0000,31.0000,30.0000,29.0000,28.0000,27.0000,26.0000,25.0000,24.0000,23.0000,22.0000,21.0000,20.0000,19.0000,18.0000,17.0000,16.0000,15.0000,14.0000,13.0000,12.0000,11.0000,10.0000,9.0000,8.0000,7.0000,6.0000,5.0000,4.0000,3.0000,2.0000,1.0000,0.0000,1.0000,2.0000,2.8284,3.6056,4.4721,5.3852,6.3246,7.2801,8.2462,9.2195,10.1980,11.1803,12.1655,13.1529,14.1421,15.1327,16.1245,17.1172,18.1108,19.1050,20.0998,21.0950,22.0907,23.0868,24.0832,25.0799,26.0768,27.0740,28.0713,29.0689,30.0666,31.0644,32.0624,33.0606,34.0588,35.0571,36.0555,37.0540,38.0526,39.0512,40.0500,41.0488,42.0476,43.0465,44.0454,45.0444,46.0435,47.0425,48.0416,49.0408,50.0400,51.0392,52.0384,53.0377
35.0000,34.0000,33.0000,32.0000,31.0000,30.0000,29.0000,28.0000,27.0000,26.0000,25.0000,24.0000,23.0000,22.0000,21.0000,20.0000,19.0000,18.0000,17.0000,16.0000,15.0000,14.0000,13.0000,12.0000,11.0000,10.0000,9.0000,8.0000,7.0000,6.0000,5.0000,4.0000,3.0000,2.0000,1.0000,0.0000,1.0000,1.4142,2.2361,3.1623,4.1231,5.0990,6.0828,7.0711,8.0623,9.0554,10.0499,11.0454,12.0416,13.0384,14.0357,15.0333,16.0312,17.0294,18.0278,19.0263,20.0250,21.0238,22.0227,23.0217,24.0208,25.0200,26.0192,27.0185,28.0179,29.0172,30.0167,31.0161,32.0156,33.0151,34.0147,35.0143,36.0139,37.0135,38.0132,39.0128,40.0125,41.0122,42.0119,43.0116,44.0114,45.0111,46.0109,47.0106,48.0104,49.0102,50.0100,51.0098,52.0096,53.0094
35.0143,34.0147,33.0151,32.0156,31.0161,30.0167,29.0172,28.0179,27.0185,26.0192,25.0200,24.0208,23.0217,22.0227,21.0238,20.0250,19.0263,18.0278,17.0294,16.0312,15.0333,14.0357,13.0384,12.0416,11.0454,10.0499,9.0554,8.0623,7.0711,6.0828,5.0990,4.1231,3.1623,2.2361,1.4142,1.0000,0.0000,1.0000,2.0000,3.0000,4.0000,5.0000,6.0000,7.0000,8.0000,9.0000,10.0000,11.0000,12.0000,13.0000,14.0000,15.0000,16.0000,17.0000,18.0000,19.0000,20.0000,21.0000,22.0000,23.0000,24.0000,25.0000,26.0000,27.0000,28.0000,29.0000,30.0000,31.0000,32.0000,33.0000,34.0000,35.0000,36.0000,37.0000,38.0000,39.0000,40.0000,41.0000,42.0000,43.0000,44.0000,45.0000,46.0000,47.0000,48.0000,49.0000,50.0000,51.0000,52.0000,53.0000
35.0143,34.0147,33.0151,32.0156,31.0161,30.0167,29.0172,28.0179,27.0185,26.0192,25.0200,24.0208,23.0217,22.0227,21.0238,20.0250,19.0263,18.0278,17.0294,16.0312,15.0333,14.0357,13.0384,12.0416,11.0454,10.0499,9.0554,8.0623,7.0711,6.0828,5.0990,4.1231,3.1623,2.2361,1.4142,1.0000,1.0000,1.4142,2.2361,3.1623,4.1231,5.0990,6.0828,7.0711,8.0623,9.0554,10.0499,11.0454,12.0416,13.0384,14.0357,15.0333,16.0312,17.0294,18.0278,19.0263,20.0250,21.0238,22.0227,23.0217,24.0208,25.0200,26.0192,27.0185,28.0179,29.0172,30.0167,31.0161,32.0156,33.0151,34.0147,35.0143,36.0139,37.0135,38.0132,39.0128,40.0125,41.0122,42.0119,43.0116,44.0114,45.0111,46.0109,47.0106,48.0104,49.0102,50.0100,51.0098,52.0096,53.0094
35.0000,34.0000,33.0000,32.0000,31.0000,30.0000,29.0000,28.0000,27.0000,26.0000,25.0000,24.0000,23.0000,22.0000,21.0000,20.0000,19.0000,18.0000,17.0000,16.0000,15.0000,14.0000,13.0000,12.0000,11.0000,10.0000,9.0000,8.0000,7.0000,6.0000,5.0000,4.0000,3.0000,2.0000,1.0000,0.0000,1.0000,2.0000,2.8284,3.6056,4.4721,5.3852,6.3246,7.2801,8.2462,9.2195,10.1980,11.1803,12.1655,13.1529,14.1421,15.1327,16.1245,17.1172,18.1108,19.1050,20.0998,21.0950,22.0907,23.0868,24.0832,25.0799,26.0768,27.0740,28.0713,29.0689,30.0666,31.0644,32.0624,33.0606,34.0588,35.0571,36.0555,37.0540,38.0526,39.0512,40.0500,41.0488,42.0476,43.0465,44.0454,45.0444,46.0435,47.0425,48.0416,49.0408,50.0400,51.0392,52.0384,53.0377
35.0000,34.0000,33.0000,32.0000,31.0000,30.0000,29.0000,28.0000,27.0000,26.0000,25.0000,24.0000,23.0000,22.0000,21.0000,20.0000,19.0000,18.0000,17.0000,16.0000,15.0000,14.0000,13.0000,12.0000,11.0000,10.0000,9.0000,8.0000,7.0000,6.0000,5.0000,4.0000,3.0000,2.0000,1.0000,0.0000,1.0000,2.0000,3.0000,4.0000,5.0000,5.8310,6.7082,7.6158,8.5440,9.4868,10.4403,11.4018,12.3693,13.3417,14.3178,15.2971,16.2788,17.2627,18.2483,19.2354,20.2237,21.2132,22.2036,23.1948,24.1868,25.1794,26.1725,27.1662,28.1603,29.1548,30.1496,31.1448,32.1403,33.1361,34.1321,35.1283,36.1248,37.1214,38.1182,39.1152,40.1123,41.1096,42.1070,43.1045,44.1022,45.0999,46.0977,47.0956,48.0937,49.0918,50.0899,51.0882,52.0865,53.0848
35.0143,34.0147,33.0151,32.0156,31.0161,30.0167,29.0172,28.0179,27.0185,26.0192,25.0200,24.0208,23.0217,22.0227,21.0238,20.0250,19.0263,18.0278,17.0294,16.0312,15.0333,14.0357,13.0384,12.0416,11.0454,10.0499,9.0554,8.0623,7.0711,6.0828,5.0990,4.1231,3.1623,2.2361,1.4142,1.0000,1.4142,2.2361,3.1623,4.1231,5.0990,6.0828,7.0711,8.0623,8.9443,9.8489,10.7703,11.7047,12.6491,13.6015,14.5602,15.5242,16.4924,17.4642,18.4391,19.4165,20.3961,21.3776,22.3607,23.3452,24.3311,25.3180,26.3059,27.2947,28.2843,29.2746,30.2655,31.2570,32.2490,33.2415,34.2345,35.2278,36.2215,37.2156,38.2099,39.2046,40.1995,41.1947,42.1900,43.1856,44.1814,45.1774,46.1736,47.1699,48.1664,49.1630,50.1597,51.1566,52.1536,53.1507
35.0000,34.0000,33.0000,32.0000,31.0000,30.0000,29.0000,28.0000,27.0000,26.0000,25.0000,24.0000,23.0000,22.0000,21.0000,20.0000,19.0000,18.0000,17.0000,16.0000,15.0000,14.0000,13.0000,12.0000,11.0000,10.0000,9.0000,8.0000,7.0000,6.0000,5.0000,4.0000,3.0000,2.0000,1.0000,0.0000,1.0000,2.0000,3.0000,4.0000,5.0000,6.0000,7.0000,8.0000,9.0000,10.0000,11.0000,12.0000,13.0000,13.9284,14.8661,15.8114,16.7631,17.7200,18.6815,19.6469,20.6155,21.5870,22.5610,23.5372,24.5153,25.4951,26.4764,27.4591,28.4429,29.4279,30.4138,31.4006,32.3883,33.3766,34.3657,35.3553,36.3456,37.3363,38.3275,39.3192,40.3113,41.3038,42.2966,43.2897,44.2832,45.2769,46.2709,47.2652,48.2597,49.2544,50.2494,51.2445,52.2398,53.2353
35.0143,34.0147,33.0151,32.0156,31.0161,30.0167,29.0172,28.0179,27.0185,26.0192,25.0200,24.0208,23.0217,22.0227,21.0238,20.0250,19.0263,18.0278,17.0294,16.0312,15.0333,14.0357,13.0384,12.0416,11.0454,10.0499,9.0554,8.0623,7.0711,6.0828,5.0990,4.1231,3.1623,2.2361,1.4142,1.0000,1.4142,2.2361,3.1623,4.1231,5.0990,6.0828,7.0711,8.0623,9.0554,10.0499,11.0454,12.0416,13.0384,14.0357,15.0333,16.0312,17.0294,18.0278,18.9737,19.9249,20.8806,21.8403,22.8035,23.7697,24.7386,25.7099,26.6833,27.6586,28.6356,29.6142,30.5941,31.5753,32.5576,33.5410,34.5254,35.5106,36.4966,37.4833,38.4708,39.4588,40.4475,41.4367,42.4264,43.4166,44.4072,45.3982,46.3897,47.3814,48.3735,49.3660,50.3587,51.3517,52.3450,53.3385
35.0000,34.0000,33.0000,32.0000,31.0000,30.0000,29.0000,28.0000,27.0000,26.0000,25.0000,24.0000,23.0000,22.0000,21.0000,20.0000,19.0000,18.0000,17.0000,16.0000,15.0000,14.0000,13.0000,12.0000,11.0000,10.0000,9.0000,8.0000,7.0000,6.0000,5.0000,4.0000,3.0000,2.0000,1.0000,0.0000,1.0000,2.0000,3.0000,4.0000,5.0000,6.0000,7.0000,8.0000,9.0000,10.0000,11.0000,12.0000,13.0000,14.0000,15.0000,16.0000,17.0000,18.0000,19.0000,20.0000,21.0000,22.0000,23.0000,24.0000,25.0000,25.9615,26.9258,27.8927,28.8617,29.8329,30.8058,31.7805,32.7567,33.7343,34.7131,35.6931,36.6742,37.6563,38.6394,39.6232,40.6079,41.5933,42.5793,43.5660,44.5533,45.5412,46.5296,47.5184,48.5077,49.4975,50.4876,51.4782,52.4690,53.4603
35.0143,34.0147,33.0151,32.0156,31.0161,30.0167,29.0172,28.0179,27.0185,26.0192,25.0200,24.0208,23.0217,22.0227,21.0238,20.0250,19.0263,18.0278,17.0294,16.0312,15.0333,14.0357,13.0384,12.0416,11.0454,10.0499,9.0554,8.0623,7.0711,6.0828,5.0990,4.1231,3.1623,2.2361,1.4142,1.0000,1.4142,2.2361,3.1623,4.1231,5.0990,6.0828,7.0711,8.0623,9.0554,10.0499,11.0454,12.0416,13.0384,14.0357,15.0333,16.0312,17.0294,18.0278,19.0263,20.0250,21.0238,22.0227,23.0217,24.0208,25.0200,26.0192,27.0185,28.0179,29.0172,30.0167,31.0161,32.0156,32.9848,33.9559,34.9285,35.9026,36.8782,37.8550,38.8330,39.8121,40.7922,41.7732,42.7551,43.7379,44.7214,45.7056,46.6905,47.6760,48.6621,49.6488,50.6360,51.6236,52.6118,53.6004
35.0000,34.0000,33.0000,32.0000,31.0000,30.0000,29.0000,28.0000,27.0000,26.0000,25.0000,24.0000,23.0000,22.0000,21.0000,20.0000,19.0000,18.0000,17.0000,16.0000,15.0000,14.0000,13.0000,12.0000,11.0000,10.0000,9.0000,8.0000,7.0000,6.0000,5.0000,4.0000,3.0000,2.0000,1.0000,0.0000,1.0000,2.0000,3.0000,4.0000,5.0000,6.0000,7.0000,8.0000,9.0000,10.0000,11.0000,12.0000,13.0000,14.0000,15.0000,16.0000,17.0000,18.0000,19.0000,20.0000,21.0000,22.0000,23.0000,24.0000,25.0000,26.0000,27.0000,28.0000,29.0000,30.0000,31.0000,32.0000,33.0000,34.0000,35.0000,36.0000,37.0000,38.0000,39.0000,40.0000,41.0000,41.9762,42.9535,43.9318,44.9110,45.8912,46.8722,47.8539,48.8365,49.8197,50.8035,51.7880,52.7731,53.7587
35.0143,34.0147,33.0151,32.0156,31.0161,30.0167,29.0172,28.0179,27.0185,26.0192,25.0200,24.0208,23.0217,22.0227,21.0238,20.0250,19.0263,18.0278,17.0294,16.0312,15.0333,14.0357,13.0384,12.0416,11.0454,10.0499,9.0554,8.0623,7.0711,6.0828,5.0990,4.1231,3.1623,2.2361,1.4142,1.0000,1.4142,2.2361,3.1623,4.1231,5.0990,6.0828,7.0711,8.0623,9.0554,10.0499,11.0454,12.0416,13.0384,14.0357,15.0333,16.0312,17.0294,18.0278,19.0263,20.0250,21.0238,22.0227,23.0217,24.0208,25.0200,26.0192,27.0185,28.0179,29.0172,30.0167,31.0161,32.0156,33.0151,34.0147,35.0143,36.0139,37.0135,38.0132,39.0128,40.0125,41.0122,42.0119,43.0116,44.0114,45.0111,46.0109,47.0106,48.0104,49.0102,50.0100,50.9902,51.9711,52.9528,53.9351
35.0000,34.0000,33.0000,32.0000,31.0000,30.0000,29.0000,28.0000,27.0000,26.0000,25.0000,24.0000,23.0000,22.0000,21.0000,20.0000,19.0000,18.0000,17.0000,16.0000,15.0000,14.0000,13.0000,12.0000,11.0000,10.0000,9.0000,8.0000,7.0000,6.0000,5.0000,4.0000,3.0000,2.0000,1.0000,0.0000,1.0000,2.0000,3.0000,4.0000,5.0000,6.0000,7.0000,8.0000,9.0000,10.0000,11.0000,12.0000,13.0000,14.0000,15.0000,16.0000,17.0000,18.0000,19.0000,20.0000,21.0000,22.0000,23.0000,24.0000,25.0000,26.0000,27.0000,28.0000,29.0000,30.0000,31.0000,32.0000,33.0000,34.0000,35.0000,36.0000,37.0000,38.0000,39.0000,40.0000,41.0000,42.0000,43.0000,44.0000,45.0000,46.0000,47.0000,48.0000,49.0000,50.0000,51.0000,52.0000,53.0000,54.0000
35.0143,34.0147,33.0151,32.0156,31.0161,30.0167,29.0172,28.0179,27.0185,26.0192,25.0200,24.0208,23.0217,22.0227,21.0238,20.0250,19.0263,18.0278,17.0294,16.0312,15.0333,14.0357,13.0384,12.0416,11.0454,10.0499,9.0554,8.0623,7.0711,6.0828,5.0990,4.1231,3.1623,2.2361,1.4142,1.0000,1.4142,2.2361,3.1623,4.1231,5.0990,6.0828,7.0711,8.0623,9.0554,10.0499,11.0454,12.0416,13.0384,14.0357,15.0333,16.0312,17.0294,18.0278,19.0263,20.0250,21.0238,22.0227,23.0217,24.0208,25.0200,26.0192,27.0185,28.0179,29.0172,30.0167,31.0161,32.0156,33.0151,34.0147,35.0143,36.0139,37.0135,38.0132,39.0128,40.0125,41.0122,42.0119,43.0116,44.0114,45.0111,46.0109,47.0106,48.0104,49.0102,50.0100,51.0098,52.0096,53.0094,54.0093
35.0571,34.0588,33.0606,32.0624,31.0644,30.0666,29.0689,28.0713,27.0740,26.0768,25.0799,24.0832,23.0868,22.0907,21.0950,20.0998,19.1050,18.1108,17.1172,16.1245,15.1327,14.1421,13.1529,12.1655,11.1803,10.1980,9.2195,8.2462,7.2801,6.3246,5.3852,4.4721,3.6056,2.8284,2.2361,2.0000,2.2361,2.8284,3.6056,4.4721,5.3852,6.3246,7.2801,8.2462,9.2195,10.1980,11.1803,12.1655,13.1529,14.1421,15.1327,16.1245,17.1172,18.1108,19.1050,20.0998,21.0950,22.0907,23.0868,24.0832,25.0799,26.0768,27.0740,28.0713,29.0689,30.0666,31.0644,32.0624,33.0606,34.0588,35.0571,36.0555,37.0540,38.0526,39.0512,40.0500,41.0488,42.0476,43.0465,44.0454,45.0444,46.0435,47.0425,48.0416,49.0408,50.0400,51.0392,52.0384,53.0377,54.0370
35.1283,34.1321,33.1361,32.1403,31.1448,30.1496,29.1548,28.1603,27.1662,26.1725,25.1794,24.1868,23.1948,22.2036,21.2132,20.2237,19.2354,18.2483,17.2627,16.2788,15.2971,14.3178,13.3417,12.3693,11.4018,10.4403,9.4868,8.5440,7.6158,6.7082,5.8310,5.0000,4.2426,3.6056,3.1623,3.0000,3.1623,3.6056,4.2426,5.0000,5.8310,6.7082,7.6158,8.5440,9.4868,10.4403,11.4018,12.3693,13.3417,14.3178,15.2971,16.2788,17.2627,18.2483,19.2354,20.2237,21.2132,22.2036,23.1948,24.1868,25.1794,26.1725,27.1662,28.1603,29.1548,30.1496,31.1448,32.1403,33.1361,34.1321,35.1283,36.1248,37.1214,38.1182,39.1152,40.1123,41.1096,42.1070,43.1045,44.1022,45.0999,46.0977,47.0956,48.0937,49.0918,50.0899,51.0882,52.0865,53.0848,54.0833
35.2278,34.2345,33.2415,32.2490,31.2570,30.2655,29.2746,28.2843,27.2947,26.3059,25.3180,24.3311,23.3452,22.3607,21.3776,20.3961,19.4165,18.4391,17.4642,16.4924,15.5242,14.5602,13.6015,12.6491,11.7047,10.7703,9.8489,8.9443,8.0623,7.2111,6.4031,5.6569,5.0000,4.4721,4.1231,4.0000,4.1231,4.4721,5.0000,5.6569,6.4031,7.2111,8.0623,8.9443,9.8489,10.7703,11.7047,12.6491,13.6015,14.5602,15.5242,16.4924,17.4642,18.4391,19.4165,20.3961,21.3776,22.3607,23.3452,24.3311,25.3180,26.3059,27.2947,28.2843,29.2746,30.2655,31.2570,32.2490,33.2415,34.2345,35.2278,36.2215,37.2156,38.2099,39.2046,40.1995,41.1947,42.1900,43.1856,44.1814,45.1774,46.1736,47.1699,48.1664,49.1630,50.1597,51.1566,52.1536,53.1507,54.1479
35.3553,34.3657,33.3766,32.3883,31.4006,30.4138,29.4279,28.4429,27.4591,26.4764,25.4951,24.5153,23.5372,22.5610,21.5870,20.6155,19.6469,18.6815,17.7200,16.7631,15.8114,14.8661,13.9284,13.0000,12.0830,11.1803,10.2956,9.4340,8.6023,7.8102,7.0711,6.4031,5.8310,5.3852,5.0990,5.0000,5.0990,5.3852,5.8310,6.4031,7.0711,7.8102,8.6023,9.4340,10.2956,11.1803,12.0830,13.0000,13.9284,14.8661,15.8114,16.7631,17.7200,18.6815,19.6469,20.6155,21.5870,22.5610,23.5372,24.5153,25.4951,26.4764,27.4591,28.4429,29.4279,30.4138,31.4006,32.3883,33.3766,34.3657,35.3553,36.3456,37.3363,38.3275,39.3192,40.3113,41.3038,42.2966,43.2897,44.2832,45.2769,46.2709,47.2652,48.2597,49.2544,50.2494,51.2445,52.2398,53.2353,54.2310
35.5106,34.5254,33.5410,32.5576,31.5753,30.5941,29.6142,28.6356,27.6586,26.6833,25.7099,24.7386,23.7697,22.8035,21.8403,20.8806,19.9249,18.9737,18.0278,17.0880,16.1555,15.2315,14.3178,13.4164,12.5300,11.6619,10.8167,10.0000,9.2195,8.4853,7.8102,7.2111,6.7082,6.3246,6.0828,6.0000,6.0828,6.3246,6.7082,7.2111,7.8102,8.4853,9.2195,10.0000,10.8167,11.6619,12.5300,13.4164,14.3178,15.2315,16.1555,17.0880,18.0278,18.9737,19.9249,20.8806,21.8403,22.8035,23.7697,24.7386,25.7099,26.6833,27.6586,28.6356,29.6142,30.5941,31.5753,32.5576,33.5410,34.5254,35.5106,36.4966,37.4833,38.4708,39.4588,40.4475,41.4367,42.4264,43.4166,44.4072,45.3982,46.3897,47.3814,48.3735,49.3660,50.3587,51.3517,52.3450,53.3385,54.3323
35.6931,34.7131,33.7343,32.7567,31.7805,30.8058,29.8329,28.8617,27.8927,26.9258,25.9615,25.0000,24.0416,23.0868,22.1359,21.1896,20.2485,19.3132,18.3848,17.4642,16.5529,15.6525,14.7648,13.8924,13.0384,12.2066,11.4018,10.6301,9.8995,9.2195,8.6023,8.0623,7.6158,7.2801,7.0711,7.0000,7.0711,7.2801,7.6158,8.0623,8.6023,9.2195,9.8995,10.6301,11.4018,12.2066,13.0384,13.8924,14.7648,15.6525,16.5529,17.4642,18.3848,19.3132,20.2485,21.1896,22.1359,23.0868,24.0416,25.0000,25.9615,26.9258,27.8927,28.8617,29.8329,30.8058,31.7805,32.7567,33.7343,34.7131,35.6931,36.6742,37.6563,38.6394,39.6232,40.6079,41.5933,42.5793,43.5660,44.5533,45.5412,46.5296,47.5184,48.5077,49.4975,50.4876,51.4782,52.4690,53.4603,54.4518
35.9026,34.9285,33.9559,32.9848,32.0156,31.0483,30.0832,29.1204,28.1603,27.2029,26.2488,25.2982,24.3516,23.4094,22.4722,21.5407,20.6155,19.6977,18.7883,17.8885,17.0000,16.1245,15.2643,14.4222,13.6015,12.8062,12.0416,11.3137,10.6301,10.0000,9.4340,8.9443,8.5440,8.2462,8.0623,8.0000,8.0623,8.2462,8.5440,8.9443,9.4340,10.0000,10.6301,11.3137,12.0416,12.8062,13.6015,14.4222,15.2643,16.1245,17.0000,17.8885,18.7883,19.6977,20.6155,21.5407,22.4722,23.4094,24.3516,25.2982,26.2488,27.2029,28.1603,29.1204,30.0832,31.0483,32.0156,32.9848,33.9559,34.9285,35.9026,36.8782,37.8550,38.8330,39.8121,40.7922,41.7732,42.7551,43.7379,44.7214,45.7056,46.6905,47.6760,48.6621,49.6488,50.6360,51.6236,52.6118,53.6004,54.5894
36.1386,35.1710,34.2053,33.2415,32.2800,31.3209,30.3645,29.4109,28.4605,27.5136,26.5707,25.6320,24.6982,23.7697,22.8473,21.9317,21.0238,20.1246,19.2354,18.3576,17.4929,16.6433,15.8114,15.0000,14.2127,13.4536,12.7279,12.0416,11.4018,10.8167,10.2956,9.8489,9.4868,9.2195,9.0554,9.0000,9.0554,9.2195,9.4868,9.8489,10.2956,10.8167,11.4018,12.0416,12.7279,13.4536,14.2127,15.0000,15.8114,16.6433,17.4929,18.3576,19.2354,20.1246,21.0238,21.9317,22.8473,23.7697,24.6982,25.6320,26.5707,27.5136,28.4605,29.4109,30.3645,31.3209,32.2800,33.2415,34.2053,35.1710,36.1386,37.1080,38.0789,39.0512,40.0250,41.0000,41.9762,42.9535,43.9318,44.9110,45.8912,46.8722,47.8539,48.8365,49.8197,50.8035,51.7880,52.7731,53.7587,54.7449
36.4005,35.4401,34.4819,33.5261,32.5730,31.6228,30.6757,29.7321,28.7924,27.8568,26.9258,26.0000,25.0799,24.1661,23.2594,22.3607,21.4709,20.5913,19.7231,18.8680,18.0278,17.2047,16.4012,15.6205,14.8661,14.1421,13.4536,12.8062,12.2066,11.6619,11.1803,10.7703,10.4403,10.1980,10.0499,10.0000,10.0499,10.1980,10.4403,10.7703,11.1803,11.6619,12.2066,12.8062,13.4536,14.1421,14.8661,15.6205,16.4012,17.2047,18.0278,18.8680,19.7231,20.5913,21.4709,22.3607,23.2594,24.1661,25.0799,26.0000,26.9258,27.8568,28.7924,29.7321,30.6757,31.6228,32.5730,33.5261,34.4819,35.4401,36.4005,37.3631,38.3275,39.2938,40.2616,41.2311,42.2019,43.1741,44.1475,45.1221,46.0977,47.0744,48.0521,49.0306,50.0100,50.9902,51.9711,52.9528,53.9351,54.9181
36.6879,35.7351,34.7851,33.8378,32.8938,31.9531,31.0161,30.0832,29.1548,28.2312,27.3130,26.4008,25.4951,24.5967,23.7065,22.8254,21.9545,21.0950,20.2485,19.4165,18.6011,17.8045,17.0294,16.2788,15.5563,14.8661,14.2127,13.6015,13.0384,12.5300,12.0830,11.7047,11.4018,11.1803,11.0454,11.0000,11.0454,11.1803,11.4018,11.7047,12.0830,12.5300,13.0384,13.6015,14.2127,14.8661,15.5563,16.2788,17.0294,17.8045,18.6011,19.4165,20.2485,21.0950,21.9545,22.8254,23.7065,24.5967,25.4951,26.4008,27.3130,28.2312,29.1548,30.0832,31.0161,31.9531,32.8938,33.8378,34.7851,35.7351,36.6879,37.6431,38.6005,39.5601,40.5216,41.4849,42.4500,43.4166,44.3847,45.3542,46.3249,47.2969,48.2701,49.2443,50.2195,51.1957,52.1728,53.1507,54.1295,55.1090
37.0000,36.0555,35.1141,34.1760,33.2415,32.3110,31.3847,30.4631,29.5466,28.6356,27.7308,26.8328,25.9422,25.0599,24.1868,23.3238,22.4722,21.6333,20.8087,20.0000,19.2094,18.4391,17.6918,16.9706,16.2788,15.6205,15.0000,14.4222,13.8924,13.4164,13.0000,12.6491,12.3693,12.1655,12.0416,12.0000,12.0416,12.1655,12.3693,12.6491,13.0000,13.4164,13.8924,14.4222,15.0000,15.6205,16.2788,16.9706,17.6918,18.4391,19.2094,20.0000,20.8087,21.6333,22.4722,23.3238,24.1868,25.0599,25.9422,26.8328,27.7308,28.6356,29.5466,30.4631,31.3847,32.3110,33.2415,34.1760,35.1141,36.0555,37.0000,37.9473,38.8973,39.8497,40.8044,41.7612,42.7200,43.6807,44.6430,45.6070,46.5725,47.5395,48.5077,49.4773,50.4480,51.4198,52.3927,53.3667,54.3415,55.3173
37.3363,36.4005,35.4683,34.5398,33.6155,32.6956,31.7805,30.8707,29.9666,29.0689,28.1780,27.2947,26.4197,25.5539,24.6982,23.8537,23.0217,22.2036,21.4009,20.6155,19.8494,19.1050,18.3848,17.6918,17.0294,16.4012,15.8114,15.2643,14.7648,14.3178,13.9284,13.6015,13.3417,13.1529,13.0384,13.0000,13.0384,13.1529,13.3417,13.6015,13.9284,14.3178,14.7648,15.2643,15.8114,16.4012,17.0294,17.6918,18.3848,19.1050,19.8494,20.6155,21.4009,22.2036,23.0217,23.8537,24.6982,25.5539,26.4197,27.2947,28.1780,29.0689,29.9666,30.8707,31.7805,32.6956,33.6155,34.5398,35.4683,36.4005,37.3363,38.2753,39.2173,40.1622,41.1096,42.0595,43.0116,43.9659,44.9222,45.8803,46.8402,47.8017,48.7647,49.7293,50.6952,51.6624,52.6308,53.6004,54.5711,55.5428
37.6962,36.7696,35.8469,34.9285,34.0147,33.1059,32.2025,31.3050,30.4138,29.5296,28.6531,27.7849,26.9258,26.0768,25.2389,24.4131,23.6008,22.8035,22.0227,21.2603,20.5183,19.7990,19.1050,18.4391,17.8045,17.2047,16.6433,16.1245,15.6525,15.2315,14.8661,14.5602,14.3178,14.1421,14.0357,14.0000,14.0357,14.1421,14.3178,14.5602,14.8661,15.2315,15.6525,16.1245,16.6433,17.2047,17.8045,18.4391,19.1050,19.7990,20.5183,21.2603,22.0227,22.8035,23.6008,24.4131,25.2389,26.0768,26.9258,27.7849,28.6531,29.5296,30.4138,31.3050,32.2025,33.1059,34.0147,34.9285,35.8469,36.7696,37.6962,38.6264,39.5601,40.4969,41.4367,42.3792,43.3244,44.2719,45.2217,46.1736,47.1275,48.0833,49.0408,50.0000,50.9608,51.9230,52.8867,53.8516,54.8179,55.7853
38.0789,37.1618,36.2491,35.3412,34.4384,33.5410,32.6497,31.7648,30.8869,30.0167,29.1548,28.3019,27.4591,26.6271,25.8070,25.0000,24.2074,23.4307,22.6716,21.9317,21.2132,20.5183,19.8494,19.2094,18.6011,18.0278,17.4929,17.0000,16.5529,16.1555,15.8114,15.5242,15.2971,15.1327,15.0333,15.0000,15.0333,15.1327,15.2971,15.5242,15.8114,16.1555,16.5529,17.0000,17.4929,18.0278,18.6011,19.2094,19.8494,20.5183,21.2132,21.9317,22.6716,23.4307,24.2074,25.0000,25.8070,26.6271,27.4591,28.3019,29.1548,30.0167,30.8869,31.7648,32.6497,33.5410,34.4384,35.3412,36.2491,37.1618,38.0789,39.0000,39.9249,40.8534,41.7852,42.7200,43.6578,44.5982,45.5412,46.4866,47.4342,48.3839,49.3356,50.2892,51.2445,52.2015,53.1601,54.1202,55.0818,56.0446
38.4838,37.5766,36.6742,35.7771,34.8855,34.0000,33.1210,32.2490,31.3847,30.5287,29.6816,28.8444,28.0179,27.2029,26.4008,25.6125,24.8395,24.0832,23.3452,22.6274,21.9317,21.2603,20.6155,20.0000,19.4165,18.8680,18.3576,17.8885,17.4642,17.0880,16.7631,16.4924,16.2788,16.1245,16.0312,16.0000,16.0312,16.1245,16.2788,16.4924,16.7631,17.0880,17.4642,17.8885,18.3576,18.8680,19.4165,20.0000,20.6155,21.2603,21.9317,22.6274,23.3452,24.0832,24.8395,25.6125,26.4008,27.2029,28.0179,28.8444,29.6816,30.5287,31.3847,32.2490,33.1210,34.0000,34.8855,35.7771,36.6742,37.5766,38.4838,39.3954,40.3113,41.2311,42.1545,43.0813,44.0114,44.9444,45.8803,46.8188,47.7598,48.7032,49.6488,50.5964,51.5461,52.4976,53.4509,54.4059,55.3624,56.3205
38.9102,38.0132,37.1214,36.2353,35.3553,34.4819,33.6155,32.7567,31.9061,31.0644,30.2324,29.4109,28.6007,27.8029,27.0185,26.2488,25.4951,24.7588,24.0416,23.3452,22.6716,22.0227,21.4009,20.8087,20.2485,19.7231,19.2354,18.7883,18.3848,18.0278,17.7200,17.4642,17.2627,17.1172,17.0294,17.0000,17.0294,17.1172,17.2627,17.4642,17.7200,18.0278,18.3848,18.7883,19.2354,19.7231,20.2485,20.8087,21.4009,22.0227,22.6716,23.3452,24.0416,24.7588,25.4951,26.2488,27.0185,27.8029,28.6007,29.4109,30.2324,31.0644,31.9061,32.7567,33.6155,34.4819,35.3553,36.2353,37.1214,38.0132,38.9102,39.8121,40.7185,41.6293,42.5441,43.4626,44.3847,45.3100,46.2385,47.1699,48.1041,49.0408,49.9800,50.9215,51.8652,52.8110,53.7587,54.7083,55.6597,56.6127
39.3573,38.4708,37.5899,36.7151,35.8469,34.9857,34.1321,33.2866,32.4500,31.6228,30.8058,30.0000,29.2062,28.4253,27.6586,26.9072,26.1725,25.4558,24.7588,24.0832,23.4307,22.8035,22.2036,21.6333,21.0950,20.5913,20.1246,19.6977,19.3132,18.9737,18.6815,18.4391,18.2483,18.1108,18.0278,18.0000,18.0278,18.1108,18.2483,18.4391,18.6815,18.9737,19.3132,19.6977,20.1246,20.5913,21.0950,21.6333,22.2036,22.8035,23.4307,24.0832,24.7588,25.4558,26.1725,26.9072,27.6586,28.4253,29.2062,30.0000,30.8058,31.6228,32.4500,33.2866,34.1321,34.9857,35.8469,36.7151,37.5899,38.4708,39.3573,40.2492,41.1461,42.0476,42.9535,43.8634,44.7772,45.6946,46.6154,47.5395,48.4665,49.3964,50.3289,51.2640,52.2015,53.1413,54.0833,55.0273,55.9732,56.9210
39.8246,38.9487,38.0789,37.2156,36.3593,35.5106,34.6699,33.8378,33.0151,32.2025,31.4006,30.6105,29.8329,29.0689,28.3196,27.5862,26.8701,26.1725,25.4951,24.8395,24.2074,23.6008,23.0217,22.4722,21.9545,21.4709,21.0238,20.6155,20.2485,19.9249,19.6469,19.4165,19.2354,19.1050,19.0263,19.0000,19.0263,19.1050,19.2354,19.4165,19.6469,19.9249,20.2485,20.6155,21.0238,21.4709,21.9545,22.4722,23.0217,23.6008,24.2074,24.8395,25.4951,26.1725,26.8701,27.5862,28.3196,29.0689,29.8329,30.6105,31.4006,32.2025,33.0151,33.8378,34.6699,35.5106,36.3593,37.2156,38.0789,38.9487,39.8246,40.7063,41.5933,42.4853,43.3820,44.2832,45.1885,46.0977,47.0106,47.9270,48.8467,49.7695,50.6952,51.6236,52.5547,53.4883,54.4243,55.3624,56.3028,57.2451
40.3113,39.4462,38.5876,37.7359,36.8917,36.0555,35.2278,34.4093,33.6006,32.8024,32.0156,31.2410,30.4795,29.7321,29.0000,28.2843,27.5862,26.9072,26.2488,25.6125,25.0000,24.4131,23.8537,23.3238,22.8254,22.3607,21.9317,21.5407,21.1896,20.8806,20.6155,20.3961,20.2237,20.0998,20.0250,20.0000,20.0250,20.0998,20.2237,20.3961,20.6155,20.8806,21.1896,21.5407,21.9317,22.3607,22.8254,23.3238,23.8537,24.4131,25.0000,25.6125,26.2488,26.9072,27.5862,28.2843,29.0000,29.7321,30.4795,31.2410,32.0156,32.8024,33.6006,34.4093,35.2278,36.0555,36.8917,37.7359,38.5876,39.4462,40.3113,41.1825,42.0595,42.9418,43.8292,44.7214,45.6180,46.5188,47.4236,48.3322,49.2443,50.1597,51.0784,52.0000,52.9245,53.8516,54.7814,55.7136,56.6480,57.5847
40.8167,39.9625,39.1152,38.2753,37.4433,36.6197,35.8050,35.0000,34.2053,33.4215,32.6497,31.8904,31.1448,30.4138,29.6985,29.0000,28.3196,27.6586,27.0185,26.4008,25.8070,25.2389,24.6982,24.1868,23.7065,23.2594,22.8473,22.4722,22.1359,21.8403,21.5870,21.3776,21.2132,21.0950,21.0238,21.0000,21.0238,21.0950,21.2132,21.3776,21.5870,21.8403,22.1359,22.4722,22.8473,23.2594,23.7065,24.1868,24.6982,25.2389,25.8070,26.4008,27.0185,27.6586,28.3196,29.0000,29.6985,30.4138,31.1448,31.8904,32.6497,33.4215,34.2053,35.0000,35.8050,36.6197,37.4433,38.2753,39.1152,39.9625,40.8167,41.6773,42.5441,43.4166,44.2945,45.1774,46.0652,46.9574,47.8539,48.7545,49.6588,50.5668,51.4782,52.3927,53.3104,54.2310,55.1543,56.0803,57.0088,57.9396
41.3401,40.4969,39.6611,38.8330,38.0132,37.2022,36.4005,35.6090,34.8281,34.0588,33.3017,32.5576,31.8277,31.1127,30.4138,29.7321,29.0689,28.4253,27.8029,27.2029,26.6271,26.0768,25.5539,25.0599,24.5967,24.1661,23.7697,23.4094,23.0868,22.8035,22.5610,22.3607,22.2036,22.0907,22.0227,22.0000,22.0227,22.0907,22.2036,22.3607,22.5610,22.8035,23.0868,23.4094,23.7697,24.1661,24.5967,25.0599,25.5539,26.0768,26.6271,27.2029,27.8029,28.4253,29.0689,29.7321,30.4138,31.1127,31.8277,32.5576,33.3017,34.0588,34.8281,35.6090,36.4005,37.2022,38.0132,38.8330,39.6611,40.4969,41.3401,42.1900,43.0465,43.9090,44.7772,45.6508,46.5296,47.4131,48.3011,49.1935,50.0899,50.9902,51.8941,52.8015,53.7122,54.6260,55.5428,56.4624,57.3847,58.3095
41.8808,41.0488,40.2244,39.4081,38.6005,37.8021,37.0135,36.2353,35.4683,34.7131,33.9706,33.2415,32.5269,31.8277,31.1448,30.4795,29.8329,29.2062,28.6007,28.0179,27.4591,26.9258,26.4197,25.9422,25.4951,25.0799,24.6982,24.3516,24.0416,23.7697,23.5372,23.3452,23.1948,23.0868,23.0217,23.0000,23.0217,23.0868,23.1948,23.3452,23.5372,23.7697,24.0416,24.3516,24.6982,25.0799,25.4951,25.9422,26.4197,26.9258,27.4591,28.0179,28.6007,29.2062,29.8329,30.4795,31.1448,31.8277,32.5269,33.2415,33.9706,34.7131,35.4683,36.2353,37.0135,37.8021,38.6005,39.4081,40.2244,41.0488,41.8808,42.7200,43.5660,44.4185,45.2769,46.1411,47.0106,47.8853,48.7647,49.6488,50.5371,51.4296,52.3259,53.2259,54.1295,55.0364,55.9464,56.8595,57.7754,58.6941
42.4382,41.6173,40.8044,40.0000,39.2046,38.4187,37.6431,36.8782,36.1248,35.3836,34.6554,33.9411,33.2415,32.5576,31.8904,31.2410,30.6105,30.0000,29.4109,28.8444,28.3019,27.7849,27.2947,26.8328,26.4008,26.0000,25.6320,25.2982,25.0000,24.7386,24.5153,24.3311,24.1868,24.0832,24.0208,24.0000,24.0208,24.0832,24.1868,24.3311,24.5153,24.7386,25.0000,25.2982,25.6320,26.0000,26.4008,26.8328,27.2947,27.7849,28.3019,28.8444,29.4109,30.0000,30.6105,31.2410,31.8904,32.5576,33.2415,33.9411,34.6554,35.3836,36.1248,36.8782,37.6431,38.4187,39.2046,40.0000,40.8044,41.6173,42.4382,43.2666,44.1022,44.9444,45.7930,46.6476,47.5079,48.3735,49.2443,50.1199,51.0000,51.8845,52.7731,53.6656,54.5619,55.4617,56.3649,57.2713,58.1808,59.0931
43.0116,42.2019,41.4005,40.6079,39.8246,39.0512,38.2884,37.5366,36.7967,36.0694,35.3553,34.6554,33.9706,33.3017,32.6497,32.0156,31.4006,30.8058,30.2324,29.6816,29.1548,28.6531,28.1780,27.7308,27.3130,26.9258,26.5707,26.2488,25.9615,25.7099,25.4951,25.3180,25.1794,25.0799,25.0200,25.0000,25.0200,25.0799,25.1794,25.3180,25.4951,25.7099,25.9615,26.2488,26.5707,26.9258,27.3130,27.7308,28.1780,28.6531,29.1548,29.6816,30.2324,30.8058,31.4006,32.0156,32.6497,33.3017,33.9706,34.6554,35.3553,36.0694,36.7967,37.5366,38.2884,39.0512,39.8246,40.6079,41.4005,42.2019,43.0116,43.8292,44.6542,45.4863,46.3249,47.1699,48.0208,48.8774,49.7393,50.6063,51.4782,52.3546,53.2353,54.1202,55.0091,55.9017,56.7979,57.6975,58.6003,59.5063
43.6005,42.8019,42.0119,41.2311,40.4599,39.6989,38.9487,38.2099,37.4833,36.7696,36.0694,35.3836,34.7131,34.0588,33.4215,32.8024,32.2025,31.6228,31.0644,30.5287,30.0167,29.5296,29.0689,28.6356,28.2312,27.8568,27.5136,27.2029,26.9258,26.6833,26.4764,26.3059,26.1725,26.0768,26.0192,26.0000,26.0192,26.0768,26.1725,26.3059,26.4764,26.6833,26.9258,27.2029,27.5136,27.8568,28.2312,28.6356,29.0689,29.5296,30.0167,30.5287,31.0644,31.6228,32.2025,32.8024,33.4215,34.0588,34.7131,35.3836,36.0694,36.7696,37.4833,38.2099,38.9487,39.6989,40.4599,41.2311,42.0119,42.8019,43.6005,44.4072,45.2217,46.0435,46.8722,47.7074,48.5489,49.3964,50.2494,51.1077,51.9711,52.8394,53.7122,54.5894,55.4707,56.3560,57.2451,58.1378,59.0339,59.9333
44.2041,43.4166,42.6380,41.8688,41.1096,40.3609,39.6232,38.8973,38.1838,37.4833,36.7967,36.1248,35.4683,34.8281,34.2053,33.6006,33.0151,32.4500,31.9061,31.3847,30.8869,30.4138,29.9666,29.5466,29.1548,28.7924,28.4605,28.1603,27.8927,27.6586,27.4591,27.2947,27.1662,27.0740,27.0185,27.0000,27.0185,27.0740,27.1662,27.2947,27.4591,27.6586,27.8927,28.1603,28.4605,28.7924,29.1548,29.5466,29.9666,30.4138,30.8869,31.3847,31.9061,32.4500,33.0151,33.6006,34.2053,34.8281,35.4683,36.1248,36.7967,37.4833,38.1838,38.8973,39.6232,40.3609,41.1096,41.8688,42.6380,43.4166,44.2041,45.0000,45.8039,46.6154,47.4342,48.2597,49.0918,49.9300,50.7740,51.6236,52.4786,53.3385,54.2033,55.0727,55.9464,56.8243,57.7062,58.5918,59.4811,60.3738
44.8219,44.0454,43.2782,42.5206,41.7732,41.0366,40.3113,39.5980,38.8973,38.2099,37.5366,36.8782,36.2353,35.6090,35.0000,34.4093,33.8378,33.2866,32.7567,32.2490,31.7648,31.3050,30.8707,30.4631,30.0832,29.7321,29.4109,29.1204,28.8617,28.6356,28.4429,28.2843,28.1603,28.0713,28.0179,28.0000,28.0179,28.0713,28.1603,28.2843,28.4429,28.6356,28.8617,29.1204,29.4109,29.7321,30.0832,30.4631,30.8707,31.3050,31.7648,32.2490,32.7567,33.2866,33.8378,34.4093,35.0000,35.6090,36.2353,36.8782,37.5366,38.2099,38.8973,39.5980,40.3113,41.0366,41.7732,42.5206,43.2782,44.0454,44.8219,45.6070,46.4004,47.2017,48.0104,48.8262,49.6488,50.4777,51.3128,52.1536,53.0000,53.8516,54.7083,55.5698,56.4358,57.3062,58.1808,59.0593,59.9416,60.8276
45.4533,44.6878,43.9318,43.1856,42.4500,41.7253,41.0122,40.3113,39.6232,38.9487,38.2884,37.6431,37.0135,36.4005,35.8050,35.2278,34.6699,34.1321,33.6155,33.1210,32.6497,32.2025,31.7805,31.3847,31.0161,30.6757,30.3645,30.0832,29.8329,29.6142,29.4279,29.2746,29.1548,29.0689,29.0172,29.0000,29.0172,29.0689,29.1548,29.2746,29.4279,29.6142,29.8329,30.0832,30.3645,30.6757,31.0161,31.3847,31.7805,32.2025,32.6497,33.1210,33.6155,34.1321,34.6699,35.2278,35.8050,36.4005,37.0135,37.6431,38.2884,38.9487,39.6232,40.3113,41.0122,41.7253,42.4500,43.1856,43.9318,44.6878,45.4533,46.2277,47.0106,47.8017,48.6004,49.4065,50.2195,51.0392,51.8652,52.6972,53.5350,54.3783,55.2268,56.0803,56.9386,57.8014,58.6686,59.5399,60.4152,61.2944
46.0977,45.3431,44.5982,43.8634,43.1393,42.4264,41.7253,41.0366,40.3609,39.6989,39.0512,38.4187,37.8021,37.2022,36.6197,36.0555,35.5106,34.9857,34.4819,34.0000,33.5410,33.1059,32.6956,32.3110,31.9531,31.6228,31.3209,31.0483,30.8058,30.5941,30.4138,30.2655,30.1496,30.0666,30.0167,30.0000,30.0167,30.0666,30.1496,30.2655,30.4138,30.5941,30.8058,31.0483,31.3209,31.6228,31.9531,32.3110,32.6956,33.1059,33.5410,34.0000,34.4819,34.9857,35.5106,36.0555,36.6197,37.2022,37.8021,38.4187,39.0512,39.6989,40.3609,41.0366,41.7253,42.4264,43.1393,43.8634,44.5982,45.3431,46.0977,46.8615,47.6340,48.4149,49.2037,50.0000,50.8035,51.6140,52.4309,53.2541,54.0833,54.9181,55.7584,56.6039,57.4543,58.3095,59.1692,60.0333,60.9016,61.7738
46.7547,46.0109,45.2769,44.5533,43.8406,43.1393,42.4500,41.7732,41.1096,40.4599,39.8246,39.2046,38.6005,38.0132,37.4433,36.8917,36.3593,35.8469,35.3553,34.8855,34.4384,34.0147,33.6155,33.2415,32.8938,32.5730,32.2800,32.0156,31.7805,31.5753,31.4006,31.2570,31.1448,31.0644,31.0161,31.0000,31.0161,31.0644,31.1448,31.2570,31.4006,31.5753,31.7805,32.0156,32.2800,32.5730,32.8938,33.2415,33.6155,34.0147,34.4384,34.8855,35.3553,35.8469,36.3593,36.8917,37.4433,38.0132,38.6005,39.2046,39.8246,40.4599,41.1096,41.7732,42.4500,43.1393,43.8406,44.5533,45.2769,46.0109,46.7547,47.5079,48.2701,49.0408,49.8197,50.6063,51.4004,52.2015,53.0094,53.8238,54.6443,55.4707,56.3028,57.1402,57.9828,58.8303,59.6825,60.5392,61.4003,62.2656
47.4236,46.6905,45.9674,45.2548,44.5533,43.8634,43.1856,42.5206,41.8688,41.2311,40.6079,40.0000,39.4081,38.8330,38.2753,37.7359,37.2156,36.7151,36.2353,35.7771,35.3412,34.9285,34.5398,34.1760,33.8378,33.5261,33.2415,32.9848,32.7567,32.5576,32.3883,32.2490,32.1403,32.0624,32.0156,32.0000,32.0156,32.0624,32.1403,32.2490,32.3883,32.5576,32.7567,32.9848,33.2415,33.5261,33.8378,34.1760,34.5398,34.9285,35.3412,35.7771,36.2353,36.7151,37.2156,37.7359,38.2753,38.8330,39.4081,40.0000,40.6079,41.2311,41.8688,42.5206,43.1856,43.8634,44.5533,45.2548,45.9674,46.6905,47.4236,48.1664,48.9183,49.6790,50.4480,51.2250,52.0096,52.8015,53.6004,54.4059,55.2178,56.0357,56.8595,57.6888,58.5235,59.3633,60.2080,61.0574,61.9112,62.7694
48.1041,47.3814,46.6690,45.9674,45.2769,44.5982,43.9318,43.2782,42.6380,42.0119,41.4005,40.8044,40.2244,39.6611,39.1152,38.5876,38.0789,37.5899,37.1214,36.6742,36.2491,35.8469,35.4683,35.1141,34.7851,34.4819,34.2053,33.9559,33.7343,33.5410,33.3766,33.2415,33.1361,33.0606,33.0151,33.0000,33.0151,33.0606,33.1361,33.2415,33.3766,33.5410,33.7343,33.9559,34.2053,34.4819,34.7851,35.1141,35.4683,35.8469,36.2491,36.6742,37.1214,37.5899,38.0789,38.5876,39.1152,39.6611,40.2244,40.8044,41.4005,42.0119,42.6380,43.2782,43.9318,44.5982,45.2769,45.9674,46.6690,47.3814,48.1041,48.8365,49.5782,50.3289,51.0882,51.8556,52.6308,53.4135,54.2033,55.0000,55.8032,56.6127,57.4282,58.2495,59.0762,59.9083,60.7454,61.5873,62.4340,63.2851
48.7955,48.0833,47.3814,46.6905,46.0109,45.3431,44.6878,44.0454,43.4166,42.8019,42.2019,41.6173,41.0488,40.4969,39.9625,39.4462,38.9487,38.4708,38.0132,37.5766,37.1618,36.7696,36.4005,36.0555,35.7351,35.4401,35.1710,34.9285,34.7131,34.5254,34.3657,34.2345,34.1321,34.0588,34.0147,34.0000,34.0147,34.0588,34.1321,34.2345,34.3657,34.5254,34.7131,34.9285,35.1710,35.4401,35.7351,36.0555,36.4005,36.7696,37.1618,37.5766,38.0132,38.4708,38.9487,39.4462,39.9625,40.4969,41.0488,41.6173,42.2019,42.8019,43.4166,44.0454,44.6878,45.3431,46.0109,46.6905,47.3814,48.0833,48.7955,49.5177,50.2494,50.9902,51.7397,52.4976,53.2635,54.0370,54.8179,55.6058,56.4004,57.2014,58.0086,58.8218,59.6406,60.4649,61.2944,62.1289,62.9682,63.8122
49.4975,48.7955,48.1041,47.4236,46.7547,46.0977,45.4533,44.8219,44.2041,43.6005,43.0116,42.4382,41.8808,41.3401,40.8167,40.3113,39.8246,39.3573,38.9102,38.4838,38.0789,37.6962,37.3363,37.0000,36.6879,36.4005,36.1386,35.9026,35.6931,35.5106,35.3553,35.2278,35.1283,35.0571,35.0143,35.0000,35.0143,35.0571,35.1283,35.2278,35.3553,35.5106,35.6931,35.9026,36.1386,36.4005,36.6879,37.0000,37.3363,37.6962,38.0789,38.4838,38.9102,39.3573,39.8246,40.3113,40.8167,41.3401,41.8808,42.4382,43.0116,43.6005,44.2041,44.8219,45.4533,46.0977,46.7547,47.4236,48.1041,48.7955,49.4975,50.2096,50.9313,51.6624,52.4023,53.1507,53.9073,54.6717,55.4437,56.2228,57.0088,57.8014,58.6003,59.4054,60.2163,61.0328,61.8547,62.6817,63.5138,64.3506
50.2096,49.5177,48.8365,48.1664,47.5079,46.8615,46.2277,45.6070,45.0000,44.4072,43.8292,43.2666,42.7200,42.1900,41.6773,41.1825,40.7063,40.2492,39.8121,39.3954,39.0000,38.6264,38.2753,37.9473,37.6431,37.3631,37.1080,36.8782,36.6742,36.4966,36.3456,36.2215,36.1248,36.0555,36.0139,36.0000,36.0139,36.0555,36.1248,36.2215,36.3456,36.4966,36.6742,36.8782,37.1080,37.3631,37.6431,37.9473,38.2753,38.6264,39.0000,39.3954,39.8121,40.2492,40.7063,41.1825,41.6773,42.1900,42.7200,43.2666,43.8292,44.4072,45.0000,45.6070,46.2277,46.8615,47.5079,48.1664,48.8365,49.5177,50.2096,50.9117,51.6236,52.3450,53.0754,53.8145,54.5619,55.3173,56.0803,56.8507,57.6281,58.4123,59.2030,60.0000,60.8030,61.6117,62.4260,63.2456,64.0703,64.8999
50.9313,50.2494,49.5782,48.9183,48.2701,47.6340,47.0106,46.4004,45.8039,45.2217,44.6542,44.1022,43.5660,43.0465,42.5441,42.0595,41.5933,41.1461,40.7185,40.3113,39.9249,39.5601,39.2173,38.8973,38.6005,38.3275,38.0789,37.8550,37.6563,37.4833,37.3363,37.2156,37.1214,37.0540,37.0135,37.0000,37.0135,37.0540,37.1214,37.2156,37.3363,37.4833,37.6563,37.8550,38.0789,38.3275,38.6005,38.8973,39.2173,39.5601,39.9249,40.3113,40.7185,41.1461,41.5933,42.0595,42.5441,43.0465,43.5660,44.1022,44.6542,45.2217,45.8039,46.4004,47.0106,47.6340,48.2701,48.9183,49.5782,50.2494,50.9313,51.6236,52.3259,53.0377,53.7587,54.4885,55.2268,55.9732,56.7274,57.4891,58.2580,59.0339,59.8164,60.6053,61.4003,62.2013,63.0079,63.8201,64.6375,65.4599
51.6624,50.9902,50.3289,49.6790,49.0408,48.4149,47.8017,47.2017,46.6154,46.0435,45.4863,44.9444,44.4185,43.9090,43.4166,42.9418,42.4853,42.0476,41.6293,41.2311,40.8534,40.4969,40.1622,39.8497,39.5601,39.2938,39.0512,38.8330,38.6394,38.4708,38.3275,38.2099,38.1182,38.0526,38.0132,38.0000,38.0132,38.0526,38.1182,38.2099,38.3275,38.4708,38.6394,38.8330,39.0512,39.2938,39.5601,39.8497,40.1622,40.4969,40.8534,41.2311,41.6293,42.0476,42.4853,42.9418,43.4166,43.9090,44.4185,44.9444,45.4863,46.0435,46.6154,47.2017,47.8017,48.4149,49.0408,49.6790,50.3289,50.9902,51.6624,52.3450,53.0377,53.7401,54.4518,55.1725,55.9017,56.6392,57.3847,58.1378,58.8982,59.6657,60.4401,61.2209,62.0081,62.8013,63.6003,64.4050,65.2150,66.0303
52.4023,51.7397,51.0882,50.4480,49.8197,49.2037,48.6004,48.0104,47.4342,46.8722,46.3249,45.7930,45.2769,44.7772,44.2945,43.8292,43.3820,42.9535,42.5441,42.1545,41.7852,41.4367,41.1096,40.8044,40.5216,40.2616,40.0250,39.8121,39.6232,39.4588,39.3192,39.2046,39.1152,39.0512,39.0128,39.0000,39.0128,39.0512,39.1152,39.2046,39.3192,39.4588,39.6232,39.8121,40.0250,40.2616,40.5216,40.8044,41.1096,41.4367,41.7852,42.1545,42.5441,42.9535,43.3820,43.8292,44.2945,44.7772,45.2769,45.7930,46.3249,46.8722,47.4342,48.0104,48.6004,49.2037,49.8197,50.4480,51.0882,51.7397,52.4023,53.0754,53.7587,54.4518,55.1543,55.8659,56.5862,57.3149,58.0517,58.7963,59.5483,60.3075,61.0737,61.8466,62.6259,63.4114,64.2028,65.0000,65.8027,66.6108
53.1507,52.4976,51.8556,51.2250,50.6063,50.0000,49.4065,48.8262,48.2597,47.7074,47.1699,46.6476,46.1411,45.6508,45.1774,44.7214,44.2832,43.8634,43.4626,43.0813,42.7200,42.3792,42.0595,41.7612,41.4849,41.2311,41.0000,40.7922,40.6079,40.4475,40.3113,40.1995,40.1123,40.0500,40.0125,40.0000,40.0125,40.0500,40.1123,40.1995,40.3113,40.4475,40.6079,40.7922,41.0000,41.2311,41.4849,41.7612,42.0595,42.3792,42.7200,43.0813,43.4626,43.8634,44.2832,44.7214,45.1774,45.6508,46.1411,46.6476,47.1699,47.7074,48.2597,48.8262,49.4065,50.0000,50.6063,51.2250,51.8556,52.4976,53.1507,53.8145,54.4885,55.1725,55.8659,56.5685,57.2800,58.0000,58.7282,59.4643,60.2080,60.9590,61.7171,62.4820,63.2535,64.0312,64.8151,65.6049,66.4003,67.2012
53.9073,53.2635,52.6308,52.0096,51.4004,50.8035,50.2195,49.6488,49.0918,48.5489,48.0208,47.5079,47.0106,46.5296,46.0652,45.6180,45.1885,44.7772,44.3847,44.0114,43.6578,43.3244,43.0116,42.7200,42.4500,42.2019,41.9762,41.7732,41.5933,41.4367,41.3038,41.1947,41.1096,41.0488,41.0122,41.0000,41.0122,41.0488,41.1096,41.1947,41.3038,41.4367,41.5933,41.7732,41.9762,42.2019,42.4500,42.7200,43.0116,43.3244,43.6578,44.0114,44.3847,44.7772,45.1885,45.6180,46.0652,46.5296,47.0106,47.5079,48.0208,48.5489,49.0918,49.6488,50.2195,50.8035,51.4004,52.0096,52.6308,53.2635,53.9073,54.5619,55.2268,55.9017,56.5862,57.2800,57.9828,58.6941,59.4138,60.1415,60.8769,61.6198,62.3699,63.1269,63.8905,64.6607,65.4370,66.2193,67.0075,67.8012
54.6717,54.0370,53.4135,52.8015,52.2015,51.6140,51.0392,50.4777,49.9300,49.3964,48.8774,48.3735,47.8853,47.4131,46.9574,46.5188,46.0977,45.6946,45.3100,44.9444,44.5982,44.2719,43.9659,43.6807,43.4166,43.1741,42.9535,42.7551,42.5793,42.4264,42.2966,42.1900,42.1070,42.0476,42.0119,42.0000,42.0119,42.0476,42.1070,42.1900,42.2966,42.4264,42.5793,42.7551,42.9535,43.1741,43.4166,43.6807,43.9659,44.2719,44.5982,44.9444,45.3100,45.6946,46.0977,46.5188,46.9574,47.4131,47.8853,48.3735,48.8774,49.3964,49.9300,50.4777,51.0392,51.6140,52.2015,52.8015,53.4135,54.0370,54.6717,55.3173,55.9732,56.6392,57.3149,58.0000,58.6941,59.3970,60.1082,60.8276,61.5549,62.2896,63.0317,63.7809,64.5368,65.2993,66.0681,66.8431,67.6240,68.4105
55.4437,54.8179,54.2033,53.6004,53.0094,52.4309,51.8652,51.3128,50.7740,50.2494,49.7393,49.2443,48.7647,48.3011,47.8539,47.4236,47.0106,46.6154,46.2385,45.8803,45.5412,45.2217,44.9222,44.6430,44.3847,44.1475,43.9318,43.7379,43.5660,43.4166,43.2897,43.1856,43.1045,43.0465,43.0116,43.0000,43.0116,43.0465,43.1045,43.1856,43.2897,43.4166,43.5660,43.7379,43.9318,44.1475,44.3847,44.6430,44.9222,45.2217,45.5412,45.8803,46.2385,46.6154,47.0106,47.4236,47.8539,48.3011,48.7647,49.2443,49.7393,50.2494,50.7740,51.3128,51.8652,52.4309,53.0094,53.6004,54.2033,54.8179,55.4437,56.0803,56.7274,57.3847,58.0517,58.7282,59.4138,60.1082,60.8112,61.5224,62.2415,62.9682,63.7024,64.4438,65.1920,65.9469,66.7083,67.4759,68.2495,69.0290
56.2228,55.6058,55.0000,54.4059,53.8238,53.2541,52.6972,52.1536,51.6236,51.1077,50.6063,50.1199,49.6488,49.1935,48.7545,48.3322,47.9270,47.5395,47.1699,46.8188,46.4866,46.1736,45.8803,45.6070,45.3542,45.1221,44.9110,44.7214,44.5533,44.4072,44.2832,44.1814,44.1022,44.0454,44.0114,44.0000,44.0114,44.0454,44.1022,44.1814,44.2832,44.4072,44.5533,44.7214,44.9110,45.1221,45.3542,45.6070,45.8803,46.1736,46.4866,46.8188,47.1699,47.5395,47.9270,48.3322,48.7545,49.1935,49.6488,50.1199,50.6063,51.1077,51.6236,52.1536,52.6972,53.2541,53.8238,54.4059,55.0000,55.6058,56.2228,56.8507,57.4891,58.1378,58.7963,59.4643,60.1415,60.8276,61.5224,62.2254,62.9365,63.6553,64.3817,65.1153,65.8559,66.6033,67.3573,68.1175,68.8840,69.6563
57.0088,56.4004,55.8032,55.2178,54.6443,54.0833,53.5350,53.0000,52.4786,51.9711,51.4782,51.0000,50.5371,50.0899,49.6588,49.2443,48.8467,48.4665,48.1041,47.7598,47.4342,47.1275,46.8402,46.5725,46.3249,46.0977,45.8912,45.7056,45.5412,45.3982,45.2769,45.1774,45.0999,45.0444,45.0111,45.0000,45.0111,45.0444,45.0999,45.1774,45.2769,45.3982,45.5412,45.7056,45.8912,46.0977,46.3249,46.5725,46.8402,47.1275,47.4342,47.7598,48.1041,48.4665,48.8467,49.2443,49.6588,50.0899,50.5371,51.0000,51.4782,51.9711,52.4786,53.0000,53.5350,54.0833,54.6443,55.2178,55.8032,56.4004,57.0088,57.6281,58.2580,58.8982,59.5483,60.2080,60.8769,61.5549,62.2415,62.9365,63.6396,64.3506,65.0692,65.7951,66.5282,67.2681,68.0147,68.7677,69.5270,70.2922
57.8014,57.2014,56.6127,56.0357,55.4707,54.9181,54.3783,53.8516,53.3385,52.8394,52.3546,51.8845,51.4296,50.9902,50.5668,50.1597,49.7695,49.3964,49.0408,48.7032,48.3839,48.0833,47.8017,47.5395,47.2969,47.0744,46.8722,46.6905,46.5296,46.3897,46.2709,46.1736,46.0977,46.0435,46.0109,46.0000,46.0109,46.0435,46.0977,46.1736,46.2709,46.3897,46.5296,46.6905,46.8722,47.0744,47.2969,47.5395,47.8017,48.0833,48.3839,48.7032,49.0408,49.3964,49.7695,50.1597,50.5668,50.9902,51.4296,51.8845,52.3546,52.8394,53.3385,53.8516,54.3783,54.9181,55.4707,56.0357,56.6127,57.2014,57.8014,58.4123,59.0339,59.6657,60.3075,60.9590,61.6198,62.2896,62.9682,63.6553,64.3506,65.0538,65.7647,66.4831,67.2086,67.9412,68.6804,69.4262,70.1783,70.9366
58.6003,58.0086,57.4282,56.8595,56.3028,55.7584,55.2268,54.7083,54.2033,53.7122,53.2353,52.7731,52.3259,51.8941,51.4782,51.0784,50.6952,50.3289,49.9800,49.6488,49.3356,49.0408,48.7647,48.5077,48.2701,48.0521,47.8539,47.6760,47.5184,47.3814,47.2652,47.1699,47.0956,47.0425,47.0106,47.0000,47.0106,47.0425,47.0956,47.1699,47.2652,47.3814,47.5184,47.6760,47.8539,48.0521,48.2701,48.5077,48.7647,49.0408,49.3356,49.6488,49.9800,50.3289,50.6952,51.0784,51.4782,51.8941,52.3259,52.7731,53.2353,53.7122,54.2033,54.7083,55.2268,55.7584,56.3028,56.8595,57.4282,58.0086,58.6003,59.2030,59.8164,60.4401,61.0737,61.7171,62.3699,63.0317,63.7024,64.3817,65.0692,65.7647,66.4680,67.1789,67.8970,68.6222,69.3542,70.0928,70.8378,71.5891
59.4054,58.8218,58.2495,57.6888,57.1402,56.6039,56.0803,55.5698,55.0727,54.5894,54.1202,53.6656,53.2259,52.8015,52.3927,52.0000,51.6236,51.2640,50.9215,50.5964,50.2892,50.0000,49.7293,49.4773,49.2443,49.0306,48.8365,48.6621,48.5077,48.3735,48.2597,48.1664,48.0937,48.0416,48.0104,48.0000,48.0104,48.0416,48.0937,48.1664,48.2597,48.3735,48.5077,48.6621,48.8365,49.0306,49.2443,49.4773,49.7293,50.0000,50.2892,50.5964,50.9215,51.2640,51.6236,52.0000,52.3927,52.8015,53.2259,53.6656,54.1202,54.5894,55.0727,55.5698,56.0803,56.6039,57.1402,57.6888,58.2495,58.8218,59.4054,60.0000,60.6053,61.2209,61.8466,62.4820,63.1269,63.7809,64.4438,65.1153,65.7951,66.4831,67.1789,67.8823,68.5930,69.3109,70.0357,70.7672,71.5052,72.2496
60.2163,59.6406,59.0762,58.5235,57.9828,57.4543,56.9386,56.4358,55.9464,55.4707,55.0091,54.5619,54.1295,53.7122,53.3104,52.9245,52.5547,52.2015,51.8652,51.5461,51.2445,50.9608,50.6952,50.4480,50.2195,50.0100,49.8197,49.6488,49.4975,49.3660,49.2544,49.1630,49.0918,49.0408,49.0102,49.0000,49.0102,49.0408,49.0918,49.1630,49.2544,49.3660,49.4975,49.6488,49.8197,50.0100,50.2195,50.4480,50.6952,50.9608,51.2445,51.5461,51.8652,52.2015,52.5547,52.9245,53.3104,53.7122,54.1295,54.5619,55.0091,55.4707,55.9464,56.4358,56.9386,57.4543,57.9828,58.5235,59.0762,59.6406,60.2163,60.8030,61.4003,62.0081,62.6259,63.2535,63.8905,64.5368,65.1920,65.8559,66.5282,67.2086,67.8970,68.5930,69.2965,70.0071,70.7248,71.4493,72.1803,72.9178
61.0328,60.4649,59.9083,59.3633,58.8303,58.3095,57.8014,57.3062,56.8243,56.3560,55.9017,55.4617,55.0364,54.6260,54.2310,53.8516,53.4883,53.1413,52.8110,52.4976,52.2015,51.9230,51.6624,51.4198,51.1957,50.9902,50.8035,50.6360,50.4876,50.3587,50.2494,50.1597,50.0899,50.0400,50.0100,50.0000,50.0100,50.0400,50.0899,50.1597,50.2494,50.3587,50.4876,50.6360,50.8035,50.9902,51.1957,51.4198,51.6624,51.9230,52.2015,52.4976,52.8110,53.1413,53.4883,53.8516,54.2310,54.6260,55.0364,55.4617,55.9017,56.3560,56.8243,57.3062,57.8014,58.3095,58.8303,59.3633,59.9083,60.4649,61.0328,61.6117,62.2013,62.8013,63.4114,64.0312,64.6607,65.2993,65.9469,66.6033,67.2681,67.9412,68.6222,69.3109,70.0071,70.7107,71.4213,72.1388,72.8629,73.5935
61.8547,61.2944,60.7454,60.2080,59.6825,59.1692,58.6686,58.1808,57.7062,57.2451,56.7979,56.3649,55.9464,55.5428,55.1543,54.7814,54.4243,54.0833,53.7587,53.4509,53.1601,52.8867,52.6308,52.3927,52.1728,51.9711,51.7880,51.6236,51.4782,51.3517,51.2445,51.1566,51.0882,51.0392,51.0098,51.0000,51.0098,51.0392,51.0882,51.1566,51.2445,51.3517,51.4782,51.6236,51.7880,51.9711,52.1728,52.3927,52.6308,52.8867,53.1601,53.4509,53.7587,54.0833,54.4243,54.7814,55.1543,55.5428,55.9464,56.3649,56.7979,57.2451,57.7062,58.1808,58.6686,59.1692,59.6825,60.2080,60.7454,61.2944,61.8547,62.4260,63.0079,63.6003,64.2028,64.8151,65.4370,66.0681,66.7083,67.3573,68.0147,68.6804,69.3542,70.0357,70.7248,71.4213,72.1249,72.8354,73.5527,74.2765
62.6817,62.1289,61.5873,61.0574,60.5392,60.0333,59.5399,59.0593,58.5918,58.1378,57.6975,57.2713,56.8595,56.4624,56.0803,55.7136,55.3624,55.0273,54.7083,54.4059,54.1202,53.8516,53.6004,53.3667,53.1507,52.9528,52.7731,52.6118,52.4690,52.3450,52.2398,52.1536,52.0865,52.0384,52.0096,52.0000,52.0096,52.0384,52.0865,52.1536,52.2398,52.3450,52.4690,52.6118,52.7731,52.9528,53.1507,53.3667,53.6004,53.8516,54.1202,54.4059,54.7083,55.0273,55.3624,55.7136,56.0803,56.4624,56.8595,57.2713,57.6975,58.1378,58.5918,59.0593,59.5399,60.0333,60.5392,61.0574,61.5873,62.1289,62.6817,63.2456,63.8201,64.4050,65.0000,65.6049,66.2193,66.8431,67.4759,68.1175,68.7677,69.4262,70.0928,70.7672,71.4493,72.1388,72.8354,73.5391,74.2496,74.9667
63.5138,62.9682,62.4340,61.9112,61.4003,60.9016,60.4152,59.9416,59.4811,59.0339,58.6003,58.1808,57.7754,57.3847,57.0088,56.6480,56.3028,55.9732,55.6597,55.3624,55.0818,54.8179,54.5711,54.3415,54.1295,53.9351,53.7587,53.6004,53.4603,53.3385,53.2353,53.1507,53.0848,53.0377,53.0094,53.0000,53.0094,53.0377,53.0848,53.1507,53.2353,53.3385,53.4603,53.6004,53.7587,53.9351,54.1295,54.3415,54.5711,54.8179,55.0818,55.3624,55.6597,55.9732,56.3028,56.6480,57.0088,57.3847,57.7754,58.1808,58.6003,59.0339,59.4811,59.9416,60.4152,60.9016,61.4003,61.9112,62.4340,62.9682,63.5138,64.0703,64.6375,65.2150,65.8027,66.4003,67.0075,67.6240,68.2495,68.8840,69.5270,70.1783,70.8378,71.5052,72.1803,72.8629,73.5527,74.2496,74.9533,75.6637
64.3506,63.8122,63.2851,62.7694,62.2656,61.7738,61.2944,60.8276,60.3738,59.9333,59.5063,59.0931,58.6941,58.3095,57.9396,57.5847,57.2451,56.9210,56.6127,56.3205,56.0446,55.7853,55.5428,55.3173,55.1090,54.9181,54.7449,54.5894,54.4518,54.3323,54.2310,54.1479,54.0833,54.0370,54.0093,54.0000,54.0093,54.0370,54.0833,54.1479,54.2310,54.3323,54.4518,54.5894,54.7449,54.9181,55.1090,55.3173,55.5428,55.7853,56.0446,56.3205,56.6127,56.9210,57.2451,57.5847,57.9396,58.3095,58.6941,59.0931,59.5063,59.9333,60.3738,60.8276,61.2944,61.7738,62.2656,62.7694,63.2851,63.8122,64.3506,64.8999,65.4599,66.0303,66.6108,67.2012,67.8012,68.4105,69.0290,69.6563,70.2922,70.9366,71.5891,72.2496,72.9178,73.5935,74.2765,74.9667,75.6637,76.3675
65.1920,64.6607,64.1405,63.6318,63.1348,62.6498,62.1772,61.7171,61.2699,60.8358,60.4152,60.0083,59.6154,59.2368,58.8727,58.5235,58.1893,57.8705,57.5674,57.2800,57.0088,56.7539,56.5155,56.2939,56.0892,55.9017,55.7315,55.5788,55.4437,55.3263,55.2268,55.1453,55.0818,55.0364,55.0091,55.0000,55.0091,55.0364,55.0818,55.1453,55.2268,55.3263,55.4437,55.5788,55.7315,55.9017,56.0892,56.2939,56.5155,56.7539,57.0088,57.2800,57.5674,57.8705,58.1893,58.5235,58.8727,59.2368,59.6154,60.0083,60.4152,60.8358,61.2699,61.7171,62.1772,62.6498,63.1348,63.6318,64.1405,64.6607,65.1920,65.7343,66.2873,66.8506,67.4240,68.0074,68.6003,69.2026,69.8140,70.4344,71.0634,71.7008,72.3464,73.0000,73.6614,74.3303,75.0067,75.6902,76.3806,77.0779
66.0379,65.5134,65.0000,64.4981,64.0078,63.5295,63.0635,62.6099,62.1691,61.7414,61.3270,60.9262,60.5392,60.1664,59.8080,59.4643,59.1354,58.8218,58.5235,58.2409,57.9741,57.7235,57.4891,57.2713,57.0701,56.8859,56.7186,56.5685,56.4358,56.3205,56.2228,56.1427,56.0803,56.0357,56.0089,56.0000,56.0089,56.0357,56.0803,56.1427,56.2228,56.3205,56.4358,56.5685,56.7186,56.8859,57.0701,57.2713,57.4891,57.7235,57.9741,58.2409,58.5235,58.8218,59.1354,59.4643,59.8080,60.1664,60.5392,60.9262,61.3270,61.7414,62.1691,62.6099,63.0635,63.5295,64.0078,64.4981,65.0000,65.5134,66.0379,66.5733,67.1193,67.6757,68.2422,68.8186,69.4046,70.0000,70.6045,71.2180,71.8401,72.4707,73.1095,73.7564,74.4110,75.0733,75.7430,76.4199,77.1038,77.7946
66.8880,66.3702,65.8635,65.3682,64.8845,64.4127,63.9531,63.5059,63.0714,62.6498,62.2415,61.8466,61.4654,61.0983,60.7454,60.4070,60.0833,59.7746,59.4811,59.2030,58.9406,58.6941,58.4637,58.2495,58.0517,57.8705,57.7062,57.5587,57.4282,57.3149,57.2189,57.1402,57.0789,57.0351,57.0088,57.0000,57.0088,57.0351,57.0789,57.1402,57.2189,57.3149,57.4282,57.5587,57.7062,57.8705,58.0517,58.2495,58.4637,58.6941,58.9406,59.2030,59.4811,59.7746,60.0833,60.4070,60.7454,61.0983,61.4654,61.8466,62.2415,62.6498,63.0714,63.5059,63.9531,64.4127,64.8845,65.3682,65.8635,66.3702,66.8880,67.4166,67.9559,68.5055,69.0652,69.6348,70.2140,70.8025,71.4003,72.0069,72.6223,73.2462,73.8783,74.5185,75.1665,75.8222,76.4853,77.1557,77.8332,78.5175
67.7422,67.2309,66.7308,66.2420,65.7647,65.2993,64.8460,64.4050,63.9766,63.5610,63.1585,62.7694,62.3939,62.0322,61.6847,61.3514,61.0328,60.7289,60.4401,60.1664,59.9083,59.6657,59.4390,59.2284,59.0339,58.8558,58.6941,58.5491,58.4209,58.3095,58.2151,58.1378,58.0775,58.0345,58.0086,58.0000,58.0086,58.0345,58.0775,58.1378,58.2151,58.3095,58.4209,58.5491,58.6941,58.8558,59.0339,59.2284,59.4390,59.6657,59.9083,60.1664,60.4401,60.7289,61.0328,61.3514,61.6847,62.0322,62.3939,62.7694,63.1585,63.5610,63.9766,64.4050,64.8460,65.2993,65.7647,66.2420,66.7308,67.2309,67.7422,68.2642,68.7968,69.3397,69.8928,70.4557,71.0282,71.6101,72.2011,72.8011,73.4098,74.0270,74.6525,75.2861,75.9276,76.5768,77.2334,77.8974,78.5684,79.2465
68.6003,68.0955,67.6018,67.1193,66.6483,66.1891,65.7419,65.3070,64.8845,64.4748,64.0781,63.6946,63.3246,62.9682,62.6259,62.2977,61.9839,61.6847,61.4003,61.1310,60.8769,60.6383,60.4152,60.2080,60.0167,59.8415,59.6825,59.5399,59.4138,59.3043,59.2115,59.1354,59.0762,59.0339,59.0085,59.0000,59.0085,59.0339,59.0762,59.1354,59.2115,59.3043,59.4138,59.5399,59.6825,59.8415,60.0167,60.2080,60.4152,60.6383,60.8769,61.1310,61.4003,61.6847,61.9839,62.2977,62.6259,62.9682,63.3246,63.6946,64.0781,64.4748,64.8845,65.3070,65.7419,66.1891,66.6483,67.1193,67.6018,68.0955,68.6003,69.1158,69.6419,70.1783,70.7248,71.2811,71.8471,72.4224,73.0068,73.6003,74.2024,74.8131,75.4321,76.0592,76.6942,77.3369,77.9872,78.6448,79.3095,79.9812
69.4622,68.9638,68.4763,68.0000,67.5352,67.0820,66.6408,66.2118,65.7951,65.3911,65.0000,64.6220,64.2573,63.9062,63.5689,63.2456,62.9365,62.6418,62.3618,62.0967,61.8466,61.6117,61.3922,61.1882,61.0000,60.8276,60.6712,60.5310,60.4070,60.2993,60.2080,60.1332,60.0750,60.0333,60.0083,60.0000,60.0083,60.0333,60.0750,60.1332,60.2080,60.2993,60.4070,60.5310,60.6712,60.8276,61.0000,61.1882,61.3922,61.6117,61.8466,62.0967,62.3618,62.6418,62.9365,63.2456,63.5689,63.9062,64.2573,64.6220,65.0000,65.3911,65.7951,66.2118,66.6408,67.0820,67.5352,68.0000,68.4763,68.9638,69.4622,69.9714,70.4911,71.0211,71.5612,72.1110,72.6705,73.2393,73.8173,74.4043,75.0000,75.6042,76.2168,76.8375,77.4661,78.1025,78.7464,79.3977,80.0562,80.7217
70.3278,69.8355,69.3542,68.8840,68.4251,67.9779,67.5426,67.1193,66.7083,66.3099,65.9242,65.5515,65.1920,64.8460,64.5136,64.1950,63.8905,63.6003,63.3246,63.0635,62.8172,62.5859,62.3699,62.1691,61.9839,61.8142,61.6604,61.5224,61.4003,61.2944,61.2046,61.1310,61.0737,61.0328,61.0082,61.0000,61.0082,61.0328,61.0737,61.1310,61.2046,61.2944,61.4003,61.5224,61.6604,61.8142,61.9839,62.1691,62.3699,62.5859,62.8172,63.0635,63.3246,63.6003,63.8905,64.1950,64.5136,64.8460,65.1920,65.5515,65.9242,66.3099,66.7083,67.1193,67.5426,67.9779,68.4251,68.8840,69.3542,69.8355,70.3278,70.8308,71.3442,71.8679,72.4017,72.9452,73.4983,74.0608,74.6324,75.2130,75.8024,76.4003,77.0065,77.6209,78.2432,78.8733,79.5110,80.1561,80.8084,81.4678
71.1969,70.7107,70.2353,69.7711,69.3181,68.8767,68.4471,68.0294,67.6240,67.2309,66.8506,66.4831,66.1287,65.7875,65.4599,65.1460,64.8460,64.5600,64.2884,64.0312,63.7887,63.5610,63.3482,63.1506,62.9682,62.8013,62.6498,62.5140,62.3939,62.2896,62.2013,62.1289,62.0725,62.0322,62.0081,62.0000,62.0081,62.0322,62.0725,62.1289,62.2013,62.2896,62.3939,62.5140,62.6498,62.8013,62.9682,63.1506,63.3482,63.5610,63.7887,64.0312,64.2884,64.5600,64.8460,65.1460,65.4599,65.7875,66.1287,66.4831,66.8506,67.2309,67.6240,68.0294,68.4471,68.8767,69.3181,69.7711,70.2353,70.7107,71.1969,71.6938,72.2011,72.7186,73.2462,73.7835,74.3303,74.8866,75.4520,76.0263,76.6094,77.2010,77.8010,78.4092,79.0253,79.6492,80.2808,80.9197,81.5659,82.2192
72.0694,71.5891,71.1196,70.6612,70.2140,69.7782,69.3542,68.9420,68.5420,68.1542,67.7791,67.4166,67.0671,66.7308,66.4078,66.0984,65.8027,65.5210,65.2534,65.0000,64.7611,64.5368,64.3273,64.1327,63.9531,63.7887,63.6396,63.5059,63.3877,63.2851,63.1981,63.1269,63.0714,63.0317,63.0079,63.0000,63.0079,63.0317,63.0714,63.1269,63.1981,63.2851,63.3877,63.5059,63.6396,63.7887,63.9531,64.1327,64.3273,64.5368,64.7611,65.0000,65.2534,65.5210,65.8027,66.0984,66.4078,66.7308,67.0671,67.4166,67.7791,68.1542,68.5420,68.9420,69.3542,69.7782,70.2140,70.6612,71.1196,71.5891,72.0694,72.5603,73.0616,73.5731,74.0945,74.6257,75.1665,75.7166,76.2758,76.8440,77.4209,78.0064,78.6003,79.2023,79.8123,80.4301,81.0555,81.6884,82.3286,82.9759
72.9452,72.4707,72.0069,71.5542,71.1126,70.6824,70.2638,69.8570,69.4622,69.0797,68.7095,68.3520,68.0074,67.6757,67.3573,67.0522,66.7608,66.4831,66.2193,65.9697,65.7343,65.5134,65.3070,65.1153,64.9384,64.7765,64.6297,64.4981,64.3817,64.2806,64.1950,64.1249,64.0703,64.0312,64.0078,64.0000,64.0078,64.0312,64.0703,64.1249,64.1950,64.2806,64.3817,64.4981,64.6297,64.7765,64.9384,65.1153,65.3070,65.5134,65.7343,65.9697,66.2193,66.4831,66.7608,67.0522,67.3573,67.6757,68.0074,68.3520,68.7095,69.0797,69.4622,69.8570,70.2638,70.6824,71.1126,71.5542,72.0069,72.4707,72.9452,73.4302,73.9256,74.4312,74.9466,75.4718,76.0066,76.5506,77.1038,77.6660,78.2368,78.8162,79.4040,80.0000,80.6040,81.2158,81.8352,82.4621,83.0963,83.7377
73.8241,73.3553,72.8972,72.4500,72.0139,71.5891,71.1758,70.7743,70.3847,70.0071,69.6419,69.2892,68.9493,68.6222,68.3081,68.0074,67.7200,67.4463,67.1863,66.9403,66.7083,66.4906,66.2873,66.0984,65.9242,65.7647,65.6201,65.4905,65.3758,65.2763,65.1920,65.1230,65.0692,65.0308,65.0077,65.0000,65.0077,65.0308,65.0692,65.1230,65.1920,65.2763,65.3758,65.4905,65.6201,65.7647,65.9242,66.0984,66.2873,66.4906,66.7083,66.9403,67.1863,67.4463,67.7200,68.0074,68.3081,68.6222,68.9493,69.2892,69.6419,70.0071,70.3847,70.7743,71.1758,71.5891,72.0139,72.4500,72.8972,73.3553,73.8241,74.3034,74.7930,75.2928,75.8024,76.3217,76.8505,77.3886,77.9359,78.4920,79.0569,79.6304,80.2122,80.8022,81.4002,82.0061,82.6196,83.2406,83.8689,84.5044
74.7061,74.2428,73.7902,73.3485,72.9178,72.4983,72.0902,71.6938,71.3092,70.9366,70.5762,70.2282,69.8928,69.5701,69.2604,68.9638,68.6804,68.4105,68.1542,67.9117,67.6831,67.4685,67.2681,67.0820,66.9104,66.7533,66.6108,66.4831,66.3702,66.2722,66.1891,66.1211,66.0681,66.0303,66.0076,66.0000,66.0076,66.0303,66.0681,66.1211,66.1891,66.2722,66.3702,66.4831,66.6108,66.7533,66.9104,67.0820,67.2681,67.4685,67.6831,67.9117,68.1542,68.4105,68.6804,68.9638,69.2604,69.5701,69.8928,70.2282,70.5762,70.9366,71.3092,71.6938,72.0902,72.4983,72.9178,73.3485,73.7902,74.2428,74.7061,75.1798,75.6637,76.1577,76.6616,77.1751,77.6981,78.2304,78.7718,79.3221,79.8812,80.4487,81.0247,81.6088,82.2010,82.8010,83.4086,84.0238,84.6463,85.2760
75.5910,75.1332,74.6860,74.2496,73.8241,73.4098,73.0068,72.6154,72.2357,71.8679,71.5122,71.1688,70.8378,70.5195,70.2140,69.9214,69.6419,69.3758,69.1231,68.8840,68.6586,68.4471,68.2495,68.0661,67.8970,67.7422,67.6018,67.4759,67.3647,67.2681,67.1863,67.1193,67.0671,67.0298,67.0075,67.0000,67.0075,67.0298,67.0671,67.1193,67.1863,67.2681,67.3647,67.4759,67.6018,67.7422,67.8970,68.0661,68.2495,68.4471,68.6586,68.8840,69.1231,69.3758,69.6419,69.9214,70.2140,70.5195,70.8378,71.1688,71.5122,71.8679,72.2357,72.6154,73.0068,73.4098,73.8241,74.2496,74.6860,75.1332,75.5910,76.0592,76.5376,77.0260,77.5242,78.0320,78.5493,79.0759,79.6116,80.1561,80.7094,81.2712,81.8413,82.4197,83.0060,83.6002,84.2021,84.8116,85.4283,86.0523
76.4788,76.0263,75.5844,75.1532,74.7329,74.3236,73.9256,73.5391,73.1642,72.8011,72.4500,72.1110,71.7844,71.4703,71.1688,70.8802,70.6045,70.3420,70.0928,69.8570,69.6348,69.4262,69.2315,69.0507,68.8840,68.7314,68.5930,68.4690,68.3593,68.2642,68.1836,68.1175,68.0661,68.0294,68.0074,68.0000,68.0074,68.0294,68.0661,68.1175,68.1836,68.2642,68.3593,68.4690,68.5930,68.7314,68.8840,69.0507,69.2315,69.4262,69.6348,69.8570,70.0928,70.3420,70.6045,70.8802,71.1688,71.4703,71.7844,72.1110,72.4500,72.8011,73.1642,73.5391,73.9256,74.3236,74.7329,75.1532,75.5844,76.0263,76.4788,76.9415,77.4145,77.8974,78.3901,78.8923,79.4040,79.9250,80.4550,80.9938,81.5414,82.0975,82.6620,83.2346,83.8153,84.4038,85.0000,85.6037,86.2148,86.8332
77.3692,76.9220,76.4853,76.0592,75.6439,75.2396,74.8465,74.4648,74.0945,73.7360,73.3894,73.0548,72.7324,72.4224,72.1249,71.8401,71.5681,71.3092,71.0634,70.8308,70.6116,70.4060,70.2140,70.0357,69.8713,69.7209,69.5845,69.4622,69.3542,69.2604,69.1809,69.1158,69.0652,69.0290,69.0072,69.0000,69.0072,69.0290,69.0652,69.1158,69.1809,69.2604,69.3542,69.4622,69.5845,69.7209,69.8713,70.0357,70.2140,70.4060,70.6116,70.8308,71.0634,71.3092,71.5681,71.8401,72.1249,72.4224,72.7324,73.0548,73.3894,73.7360,74.0945,74.4648,74.8465,75.2396,75.6439,76.0592,76.4853,76.9220,77.3692,77.8267,78.2943,78.7718,79.2591,79.7559,80.2621,80.7775,81.3019,81.8352,82.3772,82.9277,83.4865,84.0536,84.6286,85.2115,85.8021,86.4002,87.0057,87.6185
78.2624,77.8203,77.3886,76.9675,76.5572,76.1577,75.7694,75.3923,75.0267,74.6726,74.3303,74.0000,73.6817,73.3757,73.0821,72.8011,72.5328,72.2772,72.0347,71.8053,71.5891,71.3863,71.1969,71.0211,70.8590,70.7107,70.5762,70.4557,70.3491,70.2567,70.1783,70.1142,70.0643,70.0286,70.0071,70.0000,70.0071,70.0286,70.0643,70.1142,70.1783,70.2567,70.3491,70.4557,70.5762,70.7107,70.8590,71.0211,71.1969,71.3863,71.5891,71.8053,72.0347,72.2772,72.5328,72.8011,73.0821,73.3757,73.6817,74.0000,74.3303,74.6726,75.0267,75.3923,75.7694,76.1577,76.5572,76.9675,77.3886,77.8203,78.2624,78.7147,79.1770,79.6492,80.1311,80.6226,81.1234,81.6333,82.1523,82.6801,83.2166,83.7616,84.3149,84.8764,85.4459,86.0233,86.6083,87.2009,87.8009,88.4081
79.1581,78.7210,78.2943,77.8781,77.4726,77.0779,76.6942,76.3217,75.9605,75.6108,75.2728,74.9466,74.6324,74.3303,74.0405,73.7631,73.4983,73.2462,73.0068,72.7805,72.5672,72.3671,72.1803,72.0069,71.8471,71.7008,71.5681,71.4493,71.3442,71.2531,71.1758,71.1126,71.0634,71.0282,71.0070,71.0000,71.0070,71.0282,71.0634,71.1126,71.1758,71.2531,71.3442,71.4493,71.5681,71.7008,71.8471,72.0069,72.1803,72.3671,72.5672,72.7805,73.0068,73.2462,73.4983,73.7631,74.0405,74.3303,74.6324,74.9466,75.2728,75.6108,75.9605,76.3217,76.6942,77.0779,77.4726,77.8781,78.2943,78.7210,79.1581,79.6053,80.0625,80.5295,81.0062,81.4923,81.9878,82.4924,83.0060,83.5284,84.0595,84.5991,85.1469,85.7030,86.2670,86.8389,87.4185,88.0057,88.6002,89.2020
80.0562,79.6241,79.2023,78.7909,78.3901,78.0000,77.6209,77.2528,76.8960,76.5506,76.2168,75.8947,75.5844,75.2861,75.0000,74.7262,74.4648,74.2159,73.9797,73.7564,73.5459,73.3485,73.1642,72.9932,72.8354,72.6911,72.5603,72.4431,72.3395,72.2496,72.1734,72.1110,72.0625,72.0278,72.0069,72.0000,72.0069,72.0278,72.0625,72.1110,72.1734,72.2496,72.3395,72.4431,72.5603,72.6911,72.8354,72.9932,73.1642,73.3485,73.5459,73.7564,73.9797,74.2159,74.4648,74.7262,75.0000,75.2861,75.5844,75.8947,76.2168,76.5506,76.8960,77.2528,77.6209,78.0000,78.3901,78.7909,79.2023,79.6241,80.0562,80.4984,80.9506,81.4125,81.8841,82.3650,82.8553,83.3547,83.8630,84.3801,84.9058,85.4400,85.9826,86.5332,87.0919,87.6584,88.2326,88.8144,89.4036,90.0000
80.9568,80.5295,80.1124,79.7057,79.3095,78.9240,78.5493,78.1857,77.8332,77.4919,77.1622,76.8440,76.5376,76.2430,75.9605,75.6902,75.4321,75.1864,74.9533,74.7329,74.5252,74.3303,74.1485,73.9797,73.8241,73.6817,73.5527,73.4370,73.3348,73.2462,73.1710,73.1095,73.0616,73.0274,73.0068,73.0000,73.0068,73.0274,73.0616,73.1095,73.1710,73.2462,73.3348,73.4370,73.5527,73.6817,73.8241,73.9797,74.1485,74.3303,74.5252,74.7329,74.9533,75.1864,75.4321,75.6902,75.9605,76.2430,76.5376,76.8440,77.1622,77.4919,77.8332,78.1857,78.5493,78.9240,79.3095,79.7057,80.1124,80.5295,80.9568,81.3941,81.8413,82.2982,82.7647,83.2406,83.7257,84.2200,84.7231,85.2350,85.7555,86.2844,86.8217,87.3670,87.9204,88.4816,89.0505,89.6270,90.2109,90.8020
81.8596,81.4371,81.0247,80.6226,80.2309,79.8499,79.4796,79.1202,78.7718,78.4347,78.1089,77.7946,77.4919,77.2010,76.9220,76.6551,76.4003,76.1577,75.9276,75.7100,75.5050,75.3127,75.1332,74.9667,74.8131,74.6726,74.5453,74.4312,74.3303,74.2428,74.1687,74.1080,74.0608,74.0270,74.0068,74.0000,74.0068,74.0270,74.0608,74.1080,74.1687,74.2428,74.3303,74.4312,74.5453,74.6726,74.8131,74.9667,75.1332,75.3127,75.5050,75.7100,75.9276,76.1577,76.4003,76.6551,76.9220,77.2010,77.4919,77.7946,78.1089,78.4347,78.7718,79.1202,79.4796,79.8499,80.2309,80.6226,81.0247,81.4371,81.8596,82.2922,82.7345,83.1865,83.6481,84.1190,84.5991,85.0882,85.5862,86.0930,86.6083,87.1321,87.6641,88.2043,88.7525,89.3085,89.8721,90.4434,91.0220,91.6079
82.7647,82.3468,81.9390,81.5414,81.1542,80.7775,80.4114,80.0562,79.7120,79.3788,79.0569,78.7464,78.4474,78.1601,77.8845,77.6209,77.3692,77.1298,76.9025,76.6877,76.4853,76.2955,76.1183,75.9539,75.8024,75.6637,75.5381,75.4255,75.3260,75.2396,75.1665,75.1066,75.0600,75.0267,75.0067,75.0000,75.0067,75.0267,75.0600,75.1066,75.1665,75.2396,75.3260,75.4255,75.5381,75.6637,75.8024,75.9539,76.1183,76.2955,76.4853,76.6877,76.9025,77.1298,77.3692,77.6209,77.8845,78.1601,78.4474,78.7464,79.0569,79.3788,79.7120,80.0562,80.4114,80.7775,81.1542,81.5414,81.9390,82.3468,82.7647,83.1925,83.6301,84.0773,84.5340,85.0000,85.4751,85.9593,86.4523,86.9540,87.4643,87.9830,88.5099,89.0449,89.5879,90.1388,90.6973,91.2634,91.8368,92.4175
83.6720,83.2586,82.8553,82.4621,82.0792,81.7068,81.3449,80.9938,80.6536,80.3243,80.0062,79.6994,79.4040,79.1202,78.8480,78.5875,78.3390,78.1025,77.8781,77.6660,77.4661,77.2787,77.1038,76.9415,76.7919,76.6551,76.5310,76.4199,76.3217,76.2365,76.1643,76.1052,76.0592,76.0263,76.0066,76.0000,76.0066,76.0263,76.0592,76.1052,76.1643,76.2365,76.3217,76.4199,76.5310,76.6551,76.7919,76.9415,77.1038,77.2787,77.4661,77.6660,77.8781,78.1025,78.3390,78.5875,78.8480,79.1202,79.4040,79.6994,80.0062,80.3243,80.6536,80.9938,81.3449,81.7068,82.0792,82.4621,82.8553,83.2586,83.6720,84.0952,84.5281,84.9706,85.4225,85.8836,86.3539,86.8332,87.3212,87.8180,88.3233,88.8369,89.3588,89.8888,90.4268,90.9725,91.5260,92.0869,92.6553,93.2309
84.5813,84.1724,83.7735,83.3847,83.0060,82.6378,82.2800,81.9329,81.5966,81.2712,80.9568,80.6536,80.3617,80.0812,79.8123,79.5550,79.3095,79.0759,78.8543,78.6448,78.4474,78.2624,78.0897,77.9295,77.7817,77.6466,77.5242,77.4145,77.3175,77.2334,77.1622,77.1038,77.0584,77.0260,77.0065,77.0000,77.0065,77.0260,77.0584,77.1038,77.1622,77.2334,77.3175,77.4145,77.5242,77.6466,77.7817,77.9295,78.0897,78.2624,78.4474,78.6448,78.8543,79.0759,79.3095,79.5550,79.8123,80.0812,80.3617,80.6536,80.9568,81.2712,81.5966,81.9329,82.2800,82.6378,83.0060,83.3847,83.7735,84.1724,84.5813,85.0000,85.4283,85.8662,86.3134,86.7698,87.2353,87.7097,88.1930,88.6848,89.1852,89.6939,90.2109,90.7359,91.2688,91.8096,92.3580,92.9139,93.4773,94.0479
85.4927,85.0882,84.6936,84.3090,83.9345,83.5703,83.2166,82.8734,82.5409,82.2192,81.9085,81.6088,81.3204,81.0432,80.7775,80.5233,80.2808,80.0500,79.8311,79.6241,79.4292,79.2465,79.0759,78.9177,78.7718,78.6384,78.5175,78.4092,78.3135,78.2304,78.1601,78.1025,78.0577,78.0256,78.0064,78.0000,78.0064,78.0256,78.0577,78.1025,78.1601,78.2304,78.3135,78.4092,78.5175,78.6384,78.7718,78.9177,79.0759,79.2465,79.4292,79.6241,79.8311,80.0500,80.2808,80.5233,80.7775,81.0432,81.3204,81.6088,81.9085,82.2192,82.5409,82.8734,83.2166,83.5703,83.9345,84.3090,84.6936,85.0882,85.4927,85.9069,86.3308,86.7640,87.2067,87.6584,88.1192,88.5889,89.0674,89.5545,90.0500,90.5539,91.0659,91.5860,92.1141,92.6499,93.1933,93.7443,94.3027,94.8683
86.4060,86.0058,85.6154,85.2350,84.8646,84.5044,84.1546,83.8153,83.4865,83.1685,82.8613,82.5651,82.2800,82.0061,81.7435,81.4923,81.2527,81.0247,80.8084,80.6040,80.4114,80.2309,80.0625,79.9062,79.7621,79.6304,79.5110,79.4040,79.3095,79.2275,79.1581,79.1012,79.0569,79.0253,79.0063,79.0000,79.0063,79.0253,79.0569,79.1012,79.1581,79.2275,79.3095,79.4040,79.5110,79.6304,79.7621,79.9062,80.0625,80.2309,80.4114,80.6040,80.8084,81.0247,81.2527,81.4923,81.7435,82.0061,82.2800,82.5651,82.8613,83.1685,83.4865,83.8153,84.1546,84.5044,84.8646,85.2350,85.6154,86.0058,86.4060,86.8159,87.2353,87.6641,88.1022,88.5494,89.0056,89.4707,89.9444,90.4268,90.9175,91.4166,91.9239,92.4392,92.9624,93.4933,94.0319,94.5780,95.1315,95.6922
87.3212,86.9253,86.5390,86.1626,85.7963,85.4400,85.0941,84.7585,84.4334,84.1190,83.8153,83.5225,83.2406,82.9699,82.7103,82.4621,82.2253,82.0000,81.7863,81.5843,81.3941,81.2158,81.0494,80.8950,80.7527,80.6226,80.5047,80.3990,80.3057,80.2247,80.1561,80.0999,80.0562,80.0250,80.0062,80.0000,80.0062,80.0250,80.0562,80.0999,80.1561,80.2247,80.3057,80.3990,80.5047,80.6226,80.7527,80.8950,81.0494,81.2158,81.3941,81.5843,81.7863,82.0000,82.2253,82.4621,82.7103,82.9699,83.2406,83.5225,83.8153,84.1190,84.4334,84.7585,85.0941,85.4400,85.7963,86.1626,86.5390,86.9253,87.3212,87.7268,88.1419,88.5664,89.0000,89.4427,89.8944,90.3549,90.8240,91.3017,91.7878,92.2822,92.7847,93.2952,93.8136,94.3398,94.8736,95.4149,95.9635,96.5194
88.2383,87.8465,87.4643,87.0919,86.7295,86.3771,86.0349,85.7030,85.3815,85.0706,84.7703,84.4808,84.2021,83.9345,83.6780,83.4326,83.1986,82.9759,82.7647,82.5651,82.3772,82.2010,82.0366,81.8841,81.7435,81.6149,81.4985,81.3941,81.3019,81.2219,81.1542,81.0987,81.0555,81.0247,81.0062,81.0000,81.0062,81.0247,81.0555,81.0987,81.1542,81.2219,81.3019,81.3941,81.4985,81.6149,81.7435,81.8841,82.0366,82.2010,82.3772,82.5651,82.7647,82.9759,83.1986,83.4326,83.6780,83.9345,84.2021,84.4808,84.7703,85.0706,85.3815,85.7030,86.0349,86.3771,86.7295,87.0919,87.4643,87.8465,88.2383,88.6397,89.0505,89.4707,89.8999,90.3383,90.7855,91.2414,91.7061,92.1792,92.6607,93.1504,93.6483,94.1541,94.6678,95.1893,95.7183,96.2549,96.7988,97.3499
